<annotation>
	<folder>hawar daun</folder>
	<filename>DSC_0397.JPG</filename>
	<path>E:\UNJ\Kuliah\Semester 8\Bangkit 2021\2022\Assignment\label\hawar daun\DSC_0397.JPG</path>
	<source>
		<database>Unknown</database>
	</source>
	<size>
		<width>3081</width>
		<height>897</height>
		<depth>3</depth>
	</size>
	<segmented>0</segmented>
	<object>
		<name>Hawar Daun</name>
		<pose>Unspecified</pose>
		<truncated>0</truncated>
		<difficult>0</difficult>
		<bndbox>
			<xmin>282</xmin>
			<ymin>557</ymin>
			<xmax>634</xmax>
			<ymax>654</ymax>
		</bndbox>
	</object>
	<object>
		<name>Hawar Daun</name>
		<pose>Unspecified</pose>
		<truncated>0</truncated>
		<difficult>0</difficult>
		<bndbox>
			<xmin>2424</xmin>
			<ymin>467</ymin>
			<xmax>2706</xmax>
			<ymax>557</ymax>
		</bndbox>
	</object>
</annotation>
