<annotation>
	<folder>hawar daun</folder>
	<filename>DSC_0389.JPG</filename>
	<path>E:\UNJ\Kuliah\Semester 8\Bangkit 2021\2022\Assignment\label\hawar daun\DSC_0389.JPG</path>
	<source>
		<database>Unknown</database>
	</source>
	<size>
		<width>3081</width>
		<height>897</height>
		<depth>3</depth>
	</size>
	<segmented>0</segmented>
	<object>
		<name>Hawar Daun</name>
		<pose>Unspecified</pose>
		<truncated>0</truncated>
		<difficult>0</difficult>
		<bndbox>
			<xmin>2169</xmin>
			<ymin>295</ymin>
			<xmax>2919</xmax>
			<ymax>345</ymax>
		</bndbox>
	</object>
	<object>
		<name>Hawar Daun</name>
		<pose>Unspecified</pose>
		<truncated>0</truncated>
		<difficult>0</difficult>
		<bndbox>
			<xmin>166</xmin>
			<ymin>482</ymin>
			<xmax>606</xmax>
			<ymax>532</ymax>
		</bndbox>
	</object>
</annotation>
