<annotation>
	<folder>bc</folder>
	<filename>images (14)2.jpg</filename>
	<path>C:\Users\DEFINA\Documents\OD\bc\images (14)2.jpg</path>
	<source>
		<database>Unknown</database>
	</source>
	<size>
		<width>275</width>
		<height>66</height>
		<depth>3</depth>
	</size>
	<segmented>0</segmented>
	<object>
		<name>Bercak Coklat</name>
		<pose>Unspecified</pose>
		<truncated>0</truncated>
		<difficult>0</difficult>
		<bndbox>
			<xmin>60</xmin>
			<ymin>42</ymin>
			<xmax>78</xmax>
			<ymax>50</ymax>
		</bndbox>
	</object>
	<object>
		<name>Bercak Coklat</name>
		<pose>Unspecified</pose>
		<truncated>0</truncated>
		<difficult>0</difficult>
		<bndbox>
			<xmin>10</xmin>
			<ymin>35</ymin>
			<xmax>26</xmax>
			<ymax>46</ymax>
		</bndbox>
	</object>
	<object>
		<name>Bercak Coklat</name>
		<pose>Unspecified</pose>
		<truncated>0</truncated>
		<difficult>0</difficult>
		<bndbox>
			<xmin>87</xmin>
			<ymin>3</ymin>
			<xmax>104</xmax>
			<ymax>11</ymax>
		</bndbox>
	</object>
</annotation>
