<annotation>
	<folder>bc</folder>
	<filename>images (4)3.jpg</filename>
	<path>C:\Users\DEFINA\Documents\OD\bc\images (4)3.jpg</path>
	<source>
		<database>Unknown</database>
	</source>
	<size>
		<width>157</width>
		<height>206</height>
		<depth>3</depth>
	</size>
	<segmented>0</segmented>
	<object>
		<name>Bercak Coklat</name>
		<pose>Unspecified</pose>
		<truncated>0</truncated>
		<difficult>0</difficult>
		<bndbox>
			<xmin>58</xmin>
			<ymin>37</ymin>
			<xmax>63</xmax>
			<ymax>48</ymax>
		</bndbox>
	</object>
	<object>
		<name>Bercak Coklat</name>
		<pose>Unspecified</pose>
		<truncated>0</truncated>
		<difficult>0</difficult>
		<bndbox>
			<xmin>50</xmin>
			<ymin>54</ymin>
			<xmax>58</xmax>
			<ymax>68</ymax>
		</bndbox>
	</object>
</annotation>
