<annotation>
	<folder>bc2</folder>
	<filename>IMG_4832.jpg</filename>
	<path>C:\Users\DEFINA\Documents\OD\bc2\IMG_4832.jpg</path>
	<source>
		<database>Unknown</database>
	</source>
	<size>
		<width>500</width>
		<height>500</height>
		<depth>3</depth>
	</size>
	<segmented>0</segmented>
	<object>
		<name>Bercak Coklat</name>
		<pose>Unspecified</pose>
		<truncated>0</truncated>
		<difficult>0</difficult>
		<bndbox>
			<xmin>308</xmin>
			<ymin>260</ymin>
			<xmax>358</xmax>
			<ymax>274</ymax>
		</bndbox>
	</object>
	<object>
		<name>Bercak Coklat</name>
		<pose>Unspecified</pose>
		<truncated>0</truncated>
		<difficult>0</difficult>
		<bndbox>
			<xmin>62</xmin>
			<ymin>261</ymin>
			<xmax>108</xmax>
			<ymax>281</ymax>
		</bndbox>
	</object>
</annotation>
