<annotation>
	<folder>LeafBlast</folder>
	<filename>IMG_20190419_112216.jpg</filename>
	<path>C:\Users\USER\Downloads\archive (2)\train\LeafBlast\IMG_20190419_112216.jpg</path>
	<source>
		<database>Unknown</database>
	</source>
	<size>
		<width>500</width>
		<height>500</height>
		<depth>3</depth>
	</size>
	<segmented>0</segmented>
	<object>
		<name>Busuk Leher</name>
		<pose>Unspecified</pose>
		<truncated>0</truncated>
		<difficult>0</difficult>
		<bndbox>
			<xmin>286</xmin>
			<ymin>253</ymin>
			<xmax>307</xmax>
			<ymax>290</ymax>
		</bndbox>
	</object>
	<object>
		<name>Busuk Leher</name>
		<pose>Unspecified</pose>
		<truncated>0</truncated>
		<difficult>0</difficult>
		<bndbox>
			<xmin>172</xmin>
			<ymin>118</ymin>
			<xmax>189</xmax>
			<ymax>141</ymax>
		</bndbox>
	</object>
	<object>
		<name>Busuk Leher</name>
		<pose>Unspecified</pose>
		<truncated>0</truncated>
		<difficult>0</difficult>
		<bndbox>
			<xmin>410</xmin>
			<ymin>414</ymin>
			<xmax>430</xmax>
			<ymax>430</ymax>
		</bndbox>
	</object>
</annotation>
