<annotation>
	<folder>bc</folder>
	<filename>13-2(2).jpg</filename>
	<path>C:\Users\DEFINA\Documents\OD\bc\13-2(2).jpg</path>
	<source>
		<database>Unknown</database>
	</source>
	<size>
		<width>385</width>
		<height>976</height>
		<depth>3</depth>
	</size>
	<segmented>0</segmented>
	<object>
		<name>Bercak Coklat</name>
		<pose>Unspecified</pose>
		<truncated>0</truncated>
		<difficult>0</difficult>
		<bndbox>
			<xmin>61</xmin>
			<ymin>447</ymin>
			<xmax>162</xmax>
			<ymax>618</ymax>
		</bndbox>
	</object>
	<object>
		<name>Bercak Coklat</name>
		<pose>Unspecified</pose>
		<truncated>0</truncated>
		<difficult>0</difficult>
		<bndbox>
			<xmin>52</xmin>
			<ymin>336</ymin>
			<xmax>118</xmax>
			<ymax>449</ymax>
		</bndbox>
	</object>
	<object>
		<name>Bercak Coklat</name>
		<pose>Unspecified</pose>
		<truncated>0</truncated>
		<difficult>0</difficult>
		<bndbox>
			<xmin>150</xmin>
			<ymin>30</ymin>
			<xmax>223</xmax>
			<ymax>208</ymax>
		</bndbox>
	</object>
</annotation>
