<annotation>
	<folder>bercak coklat</folder>
	<filename>13788.jpg</filename>
	<path>C:\Users\DEFINA\Documents\OD\bercak coklat\13788.jpg</path>
	<source>
		<database>Unknown</database>
	</source>
	<size>
		<width>1024</width>
		<height>768</height>
		<depth>3</depth>
	</size>
	<segmented>0</segmented>
	<object>
		<name>Bercak Coklat</name>
		<pose>Unspecified</pose>
		<truncated>0</truncated>
		<difficult>0</difficult>
		<bndbox>
			<xmin>440</xmin>
			<ymin>146</ymin>
			<xmax>483</xmax>
			<ymax>209</ymax>
		</bndbox>
	</object>
	<object>
		<name>Bercak Coklat</name>
		<pose>Unspecified</pose>
		<truncated>0</truncated>
		<difficult>0</difficult>
		<bndbox>
			<xmin>581</xmin>
			<ymin>469</ymin>
			<xmax>621</xmax>
			<ymax>516</ymax>
		</bndbox>
	</object>
</annotation>
