<annotation>
	<folder>bc</folder>
	<filename>1654094913740.jpg</filename>
	<path>C:\Users\DEFINA\Documents\OD\bc\1654094913740.jpg</path>
	<source>
		<database>Unknown</database>
	</source>
	<size>
		<width>182</width>
		<height>404</height>
		<depth>3</depth>
	</size>
	<segmented>0</segmented>
	<object>
		<name>Bercak Coklat</name>
		<pose>Unspecified</pose>
		<truncated>0</truncated>
		<difficult>0</difficult>
		<bndbox>
			<xmin>138</xmin>
			<ymin>134</ymin>
			<xmax>153</xmax>
			<ymax>164</ymax>
		</bndbox>
	</object>
	<object>
		<name>Bercak Coklat</name>
		<pose>Unspecified</pose>
		<truncated>0</truncated>
		<difficult>0</difficult>
		<bndbox>
			<xmin>142</xmin>
			<ymin>253</ymin>
			<xmax>160</xmax>
			<ymax>271</ymax>
		</bndbox>
	</object>
	<object>
		<name>Bercak Coklat</name>
		<pose>Unspecified</pose>
		<truncated>0</truncated>
		<difficult>0</difficult>
		<bndbox>
			<xmin>34</xmin>
			<ymin>176</ymin>
			<xmax>44</xmax>
			<ymax>196</ymax>
		</bndbox>
	</object>
</annotation>
