<annotation>
	<folder>bercak coklat</folder>
	<filename>5390489.jpg</filename>
	<path>C:\Users\DEFINA\Documents\OD\bercak coklat\5390489.jpg</path>
	<source>
		<database>Unknown</database>
	</source>
	<size>
		<width>1536</width>
		<height>1152</height>
		<depth>3</depth>
	</size>
	<segmented>0</segmented>
	<object>
		<name>Bercak Coklat</name>
		<pose>Unspecified</pose>
		<truncated>0</truncated>
		<difficult>0</difficult>
		<bndbox>
			<xmin>195</xmin>
			<ymin>370</ymin>
			<xmax>1308</xmax>
			<ymax>755</ymax>
		</bndbox>
	</object>
</annotation>
