<annotation>
	<folder>hawar daun</folder>
	<filename>BACTERAILBLIGHT3_098.jpg</filename>
	<path>E:\UNJ\Kuliah\Semester 8\Bangkit 2021\2022\Assignment\label\hawar daun\BACTERAILBLIGHT3_098.jpg</path>
	<source>
		<database>Unknown</database>
	</source>
	<size>
		<width>300</width>
		<height>300</height>
		<depth>3</depth>
	</size>
	<segmented>0</segmented>
	<object>
		<name>Hawar Daun</name>
		<pose>Unspecified</pose>
		<truncated>1</truncated>
		<difficult>0</difficult>
		<bndbox>
			<xmin>216</xmin>
			<ymin>151</ymin>
			<xmax>300</xmax>
			<ymax>272</ymax>
		</bndbox>
	</object>
	<object>
		<name>Hawar Daun</name>
		<pose>Unspecified</pose>
		<truncated>0</truncated>
		<difficult>0</difficult>
		<bndbox>
			<xmin>94</xmin>
			<ymin>110</ymin>
			<xmax>211</xmax>
			<ymax>198</ymax>
		</bndbox>
	</object>
	<object>
		<name>Hawar Daun</name>
		<pose>Unspecified</pose>
		<truncated>1</truncated>
		<difficult>0</difficult>
		<bndbox>
			<xmin>1</xmin>
			<ymin>82</ymin>
			<xmax>100</xmax>
			<ymax>177</ymax>
		</bndbox>
	</object>
</annotation>
