<annotation>
	<folder>hawar daun</folder>
	<filename>BACTERAILBLIGHT3_169.jpg</filename>
	<path>E:\UNJ\Kuliah\Semester 8\Bangkit 2021\2022\Assignment\label\hawar daun\BACTERAILBLIGHT3_169.jpg</path>
	<source>
		<database>Unknown</database>
	</source>
	<size>
		<width>300</width>
		<height>300</height>
		<depth>3</depth>
	</size>
	<segmented>0</segmented>
	<object>
		<name>Hawar Daun</name>
		<pose>Unspecified</pose>
		<truncated>0</truncated>
		<difficult>0</difficult>
		<bndbox>
			<xmin>219</xmin>
			<ymin>204</ymin>
			<xmax>252</xmax>
			<ymax>244</ymax>
		</bndbox>
	</object>
	<object>
		<name>Hawar Daun</name>
		<pose>Unspecified</pose>
		<truncated>0</truncated>
		<difficult>0</difficult>
		<bndbox>
			<xmin>253</xmin>
			<ymin>216</ymin>
			<xmax>280</xmax>
			<ymax>253</ymax>
		</bndbox>
	</object>
</annotation>
