<annotation>
	<folder>busuk leher</folder>
	<filename>BLAST1_008.jpg</filename>
	<path>C:\Users\USER\Downloads\busuk leher-20220601T073456Z-001\busuk leher\BLAST1_008.jpg</path>
	<source>
		<database>Unknown</database>
	</source>
	<size>
		<width>300</width>
		<height>300</height>
		<depth>3</depth>
	</size>
	<segmented>0</segmented>
	<object>
		<name>Busuk Leher</name>
		<pose>Unspecified</pose>
		<truncated>0</truncated>
		<difficult>0</difficult>
		<bndbox>
			<xmin>160</xmin>
			<ymin>88</ymin>
			<xmax>203</xmax>
			<ymax>111</ymax>
		</bndbox>
	</object>
	<object>
		<name>Busuk Leher</name>
		<pose>Unspecified</pose>
		<truncated>0</truncated>
		<difficult>0</difficult>
		<bndbox>
			<xmin>133</xmin>
			<ymin>119</ymin>
			<xmax>164</xmax>
			<ymax>173</ymax>
		</bndbox>
	</object>
	<object>
		<name>Busuk Leher</name>
		<pose>Unspecified</pose>
		<truncated>0</truncated>
		<difficult>0</difficult>
		<bndbox>
			<xmin>204</xmin>
			<ymin>130</ymin>
			<xmax>250</xmax>
			<ymax>177</ymax>
		</bndbox>
	</object>
	<object>
		<name>Busuk Leher</name>
		<pose>Unspecified</pose>
		<truncated>0</truncated>
		<difficult>0</difficult>
		<bndbox>
			<xmin>199</xmin>
			<ymin>81</ymin>
			<xmax>222</xmax>
			<ymax>106</ymax>
		</bndbox>
	</object>
	<object>
		<name>Busuk Leher</name>
		<pose>Unspecified</pose>
		<truncated>1</truncated>
		<difficult>0</difficult>
		<bndbox>
			<xmin>34</xmin>
			<ymin>1</ymin>
			<xmax>68</xmax>
			<ymax>25</ymax>
		</bndbox>
	</object>
	<object>
		<name>Busuk Leher</name>
		<pose>Unspecified</pose>
		<truncated>0</truncated>
		<difficult>0</difficult>
		<bndbox>
			<xmin>222</xmin>
			<ymin>191</ymin>
			<xmax>255</xmax>
			<ymax>209</ymax>
		</bndbox>
	</object>
	<object>
		<name>Busuk Leher</name>
		<pose>Unspecified</pose>
		<truncated>0</truncated>
		<difficult>0</difficult>
		<bndbox>
			<xmin>158</xmin>
			<ymin>219</ymin>
			<xmax>189</xmax>
			<ymax>279</ymax>
		</bndbox>
	</object>
	<object>
		<name>Busuk Leher</name>
		<pose>Unspecified</pose>
		<truncated>1</truncated>
		<difficult>0</difficult>
		<bndbox>
			<xmin>236</xmin>
			<ymin>250</ymin>
			<xmax>263</xmax>
			<ymax>300</ymax>
		</bndbox>
	</object>
	<object>
		<name>Busuk Leher</name>
		<pose>Unspecified</pose>
		<truncated>0</truncated>
		<difficult>0</difficult>
		<bndbox>
			<xmin>263</xmin>
			<ymin>243</ymin>
			<xmax>285</xmax>
			<ymax>256</ymax>
		</bndbox>
	</object>
	<object>
		<name>Busuk Leher</name>
		<pose>Unspecified</pose>
		<truncated>0</truncated>
		<difficult>0</difficult>
		<bndbox>
			<xmin>163</xmin>
			<ymin>165</ymin>
			<xmax>185</xmax>
			<ymax>178</ymax>
		</bndbox>
	</object>
	<object>
		<name>Busuk Leher</name>
		<pose>Unspecified</pose>
		<truncated>0</truncated>
		<difficult>0</difficult>
		<bndbox>
			<xmin>70</xmin>
			<ymin>78</ymin>
			<xmax>92</xmax>
			<ymax>97</ymax>
		</bndbox>
	</object>
</annotation>
