<annotation>
	<folder>busuk leher</folder>
	<filename>BLAST9_112.jpg</filename>
	<path>C:\Users\USER\Downloads\busuk leher-20220601T073456Z-001\busuk leher\BLAST9_112.jpg</path>
	<source>
		<database>Unknown</database>
	</source>
	<size>
		<width>300</width>
		<height>300</height>
		<depth>3</depth>
	</size>
	<segmented>0</segmented>
	<object>
		<name>Busuk Leher</name>
		<pose>Unspecified</pose>
		<truncated>0</truncated>
		<difficult>0</difficult>
		<bndbox>
			<xmin>162</xmin>
			<ymin>171</ymin>
			<xmax>207</xmax>
			<ymax>216</ymax>
		</bndbox>
	</object>
	<object>
		<name>Busuk Leher</name>
		<pose>Unspecified</pose>
		<truncated>0</truncated>
		<difficult>0</difficult>
		<bndbox>
			<xmin>124</xmin>
			<ymin>221</ymin>
			<xmax>196</xmax>
			<ymax>285</ymax>
		</bndbox>
	</object>
	<object>
		<name>Busuk Leher</name>
		<pose>Unspecified</pose>
		<truncated>0</truncated>
		<difficult>0</difficult>
		<bndbox>
			<xmin>179</xmin>
			<ymin>58</ymin>
			<xmax>229</xmax>
			<ymax>130</ymax>
		</bndbox>
	</object>
</annotation>
