<annotation>
	<folder>busuk leher</folder>
	<filename>BLAST9_134.jpg</filename>
	<path>C:\Users\USER\Downloads\busuk leher-20220601T073456Z-001\busuk leher\BLAST9_134.jpg</path>
	<source>
		<database>Unknown</database>
	</source>
	<size>
		<width>300</width>
		<height>300</height>
		<depth>3</depth>
	</size>
	<segmented>0</segmented>
	<object>
		<name>Busuk Leher</name>
		<pose>Unspecified</pose>
		<truncated>0</truncated>
		<difficult>0</difficult>
		<bndbox>
			<xmin>47</xmin>
			<ymin>66</ymin>
			<xmax>96</xmax>
			<ymax>117</ymax>
		</bndbox>
	</object>
	<object>
		<name>Busuk Leher</name>
		<pose>Unspecified</pose>
		<truncated>0</truncated>
		<difficult>0</difficult>
		<bndbox>
			<xmin>212</xmin>
			<ymin>211</ymin>
			<xmax>244</xmax>
			<ymax>250</ymax>
		</bndbox>
	</object>
	<object>
		<name>Busuk Leher</name>
		<pose>Unspecified</pose>
		<truncated>0</truncated>
		<difficult>0</difficult>
		<bndbox>
			<xmin>233</xmin>
			<ymin>174</ymin>
			<xmax>273</xmax>
			<ymax>219</ymax>
		</bndbox>
	</object>
</annotation>
