<annotation>
	<folder>busuk leher</folder>
	<filename>BLAST1_109.JPG</filename>
	<path>C:\Users\USER\Downloads\busuk leher-20220601T073456Z-001\busuk leher\BLAST1_109.JPG</path>
	<source>
		<database>Unknown</database>
	</source>
	<size>
		<width>300</width>
		<height>300</height>
		<depth>3</depth>
	</size>
	<segmented>0</segmented>
	<object>
		<name>Busuk Leher</name>
		<pose>Unspecified</pose>
		<truncated>0</truncated>
		<difficult>0</difficult>
		<bndbox>
			<xmin>30</xmin>
			<ymin>41</ymin>
			<xmax>64</xmax>
			<ymax>84</ymax>
		</bndbox>
	</object>
	<object>
		<name>Busuk Leher</name>
		<pose>Unspecified</pose>
		<truncated>0</truncated>
		<difficult>0</difficult>
		<bndbox>
			<xmin>92</xmin>
			<ymin>68</ymin>
			<xmax>118</xmax>
			<ymax>100</ymax>
		</bndbox>
	</object>
	<object>
		<name>Busuk Leher</name>
		<pose>Unspecified</pose>
		<truncated>0</truncated>
		<difficult>0</difficult>
		<bndbox>
			<xmin>59</xmin>
			<ymin>99</ymin>
			<xmax>89</xmax>
			<ymax>117</ymax>
		</bndbox>
	</object>
	<object>
		<name>Busuk Leher</name>
		<pose>Unspecified</pose>
		<truncated>0</truncated>
		<difficult>0</difficult>
		<bndbox>
			<xmin>67</xmin>
			<ymin>120</ymin>
			<xmax>106</xmax>
			<ymax>149</ymax>
		</bndbox>
	</object>
	<object>
		<name>Busuk Leher</name>
		<pose>Unspecified</pose>
		<truncated>0</truncated>
		<difficult>0</difficult>
		<bndbox>
			<xmin>112</xmin>
			<ymin>161</ymin>
			<xmax>144</xmax>
			<ymax>180</ymax>
		</bndbox>
	</object>
	<object>
		<name>Busuk Leher</name>
		<pose>Unspecified</pose>
		<truncated>0</truncated>
		<difficult>0</difficult>
		<bndbox>
			<xmin>96</xmin>
			<ymin>174</ymin>
			<xmax>118</xmax>
			<ymax>187</ymax>
		</bndbox>
	</object>
	<object>
		<name>Busuk Leher</name>
		<pose>Unspecified</pose>
		<truncated>0</truncated>
		<difficult>0</difficult>
		<bndbox>
			<xmin>221</xmin>
			<ymin>243</ymin>
			<xmax>256</xmax>
			<ymax>276</ymax>
		</bndbox>
	</object>
</annotation>
