<annotation>
	<folder>bc</folder>
	<filename>brown-spot-fungal-disease-infects-coleoptile-leaves-leaf-sheath-panicle-branches-glumes-spikelets-rice-212252206.jpg</filename>
	<path>C:\Users\DEFINA\Documents\OD\bc\brown-spot-fungal-disease-infects-coleoptile-leaves-leaf-sheath-panicle-branches-glumes-spikelets-rice-212252206.jpg</path>
	<source>
		<database>Unknown</database>
	</source>
	<size>
		<width>675</width>
		<height>900</height>
		<depth>3</depth>
	</size>
	<segmented>0</segmented>
	<object>
		<name>Bercak Coklat</name>
		<pose>Unspecified</pose>
		<truncated>0</truncated>
		<difficult>0</difficult>
		<bndbox>
			<xmin>381</xmin>
			<ymin>343</ymin>
			<xmax>445</xmax>
			<ymax>496</ymax>
		</bndbox>
	</object>
	<object>
		<name>Bercak Coklat</name>
		<pose>Unspecified</pose>
		<truncated>0</truncated>
		<difficult>0</difficult>
		<bndbox>
			<xmin>274</xmin>
			<ymin>148</ymin>
			<xmax>315</xmax>
			<ymax>289</ymax>
		</bndbox>
	</object>
	<object>
		<name>Bercak Coklat</name>
		<pose>Unspecified</pose>
		<truncated>0</truncated>
		<difficult>0</difficult>
		<bndbox>
			<xmin>310</xmin>
			<ymin>229</ymin>
			<xmax>352</xmax>
			<ymax>450</ymax>
		</bndbox>
	</object>
	<object>
		<name>Bercak Coklat</name>
		<pose>Unspecified</pose>
		<truncated>0</truncated>
		<difficult>0</difficult>
		<bndbox>
			<xmin>392</xmin>
			<ymin>569</ymin>
			<xmax>453</xmax>
			<ymax>772</ymax>
		</bndbox>
	</object>
</annotation>
