<annotation>
	<folder>bercak coklat</folder>
	<filename>brownspot_orig_051.jpg</filename>
	<path>C:\Users\DEFINA\Documents\OD\bercak coklat\brownspot_orig_051.jpg</path>
	<source>
		<database>Unknown</database>
	</source>
	<size>
		<width>300</width>
		<height>300</height>
		<depth>3</depth>
	</size>
	<segmented>0</segmented>
	<object>
		<name>Bercak Coklat</name>
		<pose>Unspecified</pose>
		<truncated>0</truncated>
		<difficult>0</difficult>
		<bndbox>
			<xmin>131</xmin>
			<ymin>123</ymin>
			<xmax>167</xmax>
			<ymax>142</ymax>
		</bndbox>
	</object>
	<object>
		<name>Bercak Coklat</name>
		<pose>Unspecified</pose>
		<truncated>0</truncated>
		<difficult>0</difficult>
		<bndbox>
			<xmin>184</xmin>
			<ymin>264</ymin>
			<xmax>227</xmax>
			<ymax>285</ymax>
		</bndbox>
	</object>
	<object>
		<name>Bercak Coklat</name>
		<pose>Unspecified</pose>
		<truncated>0</truncated>
		<difficult>0</difficult>
		<bndbox>
			<xmin>220</xmin>
			<ymin>242</ymin>
			<xmax>241</xmax>
			<ymax>258</ymax>
		</bndbox>
	</object>
</annotation>
