<annotation>
	<folder>bc</folder>
	<filename>cropped 041019_Planet_Scaddan Ramularia symptoms AHill Oct19(2).jpg</filename>
	<path>C:\Users\DEFINA\Documents\OD\bc\cropped 041019_Planet_Scaddan Ramularia symptoms AHill Oct19(2).jpg</path>
	<source>
		<database>Unknown</database>
	</source>
	<size>
		<width>637</width>
		<height>1900</height>
		<depth>3</depth>
	</size>
	<segmented>0</segmented>
	<object>
		<name>Bercak Coklat</name>
		<pose>Unspecified</pose>
		<truncated>0</truncated>
		<difficult>0</difficult>
		<bndbox>
			<xmin>340</xmin>
			<ymin>960</ymin>
			<xmax>449</xmax>
			<ymax>1133</ymax>
		</bndbox>
	</object>
	<object>
		<name>Bercak Coklat</name>
		<pose>Unspecified</pose>
		<truncated>0</truncated>
		<difficult>0</difficult>
		<bndbox>
			<xmin>337</xmin>
			<ymin>466</ymin>
			<xmax>461</xmax>
			<ymax>610</ymax>
		</bndbox>
	</object>
	<object>
		<name>Bercak Coklat</name>
		<pose>Unspecified</pose>
		<truncated>0</truncated>
		<difficult>0</difficult>
		<bndbox>
			<xmin>484</xmin>
			<ymin>510</ymin>
			<xmax>570</xmax>
			<ymax>633</ymax>
		</bndbox>
	</object>
	<object>
		<name>Bercak Coklat</name>
		<pose>Unspecified</pose>
		<truncated>0</truncated>
		<difficult>0</difficult>
		<bndbox>
			<xmin>576</xmin>
			<ymin>683</ymin>
			<xmax>629</xmax>
			<ymax>783</ymax>
		</bndbox>
	</object>
	<object>
		<name>Bercak Coklat</name>
		<pose>Unspecified</pose>
		<truncated>0</truncated>
		<difficult>0</difficult>
		<bndbox>
			<xmin>520</xmin>
			<ymin>783</ymin>
			<xmax>629</xmax>
			<ymax>874</ymax>
		</bndbox>
	</object>
	<object>
		<name>Bercak Coklat</name>
		<pose>Unspecified</pose>
		<truncated>0</truncated>
		<difficult>0</difficult>
		<bndbox>
			<xmin>179</xmin>
			<ymin>1280</ymin>
			<xmax>317</xmax>
			<ymax>1571</ymax>
		</bndbox>
	</object>
	<object>
		<name>Bercak Coklat</name>
		<pose>Unspecified</pose>
		<truncated>1</truncated>
		<difficult>0</difficult>
		<bndbox>
			<xmin>570</xmin>
			<ymin>13</ymin>
			<xmax>637</xmax>
			<ymax>121</ymax>
		</bndbox>
	</object>
</annotation>
