<annotation>
	<folder>bc2</folder>
	<filename>IMG_20190421_195150.jpg</filename>
	<path>C:\Users\DEFINA\Documents\OD\bc2\IMG_20190421_195150.jpg</path>
	<source>
		<database>Unknown</database>
	</source>
	<size>
		<width>500</width>
		<height>500</height>
		<depth>3</depth>
	</size>
	<segmented>0</segmented>
	<object>
		<name>Bercak Coklat</name>
		<pose>Unspecified</pose>
		<truncated>0</truncated>
		<difficult>0</difficult>
		<bndbox>
			<xmin>184</xmin>
			<ymin>295</ymin>
			<xmax>212</xmax>
			<ymax>328</ymax>
		</bndbox>
	</object>
	<object>
		<name>Bercak Coklat</name>
		<pose>Unspecified</pose>
		<truncated>0</truncated>
		<difficult>0</difficult>
		<bndbox>
			<xmin>279</xmin>
			<ymin>264</ymin>
			<xmax>312</xmax>
			<ymax>286</ymax>
		</bndbox>
	</object>
</annotation>
