<annotation>
	<folder>bc2</folder>
	<filename>IMG_20190420_194434.jpg</filename>
	<path>C:\Users\DEFINA\Documents\OD\bc2\IMG_20190420_194434.jpg</path>
	<source>
		<database>Unknown</database>
	</source>
	<size>
		<width>500</width>
		<height>500</height>
		<depth>3</depth>
	</size>
	<segmented>0</segmented>
	<object>
		<name>Bercak Coklat</name>
		<pose>Unspecified</pose>
		<truncated>0</truncated>
		<difficult>0</difficult>
		<bndbox>
			<xmin>119</xmin>
			<ymin>268</ymin>
			<xmax>141</xmax>
			<ymax>290</ymax>
		</bndbox>
	</object>
	<object>
		<name>Bercak Coklat</name>
		<pose>Unspecified</pose>
		<truncated>0</truncated>
		<difficult>0</difficult>
		<bndbox>
			<xmin>455</xmin>
			<ymin>114</ymin>
			<xmax>496</xmax>
			<ymax>144</ymax>
		</bndbox>
	</object>
</annotation>
