<annotation>
	<folder>bc2</folder>
	<filename>IMG_20190420_194433.jpg</filename>
	<path>C:\Users\DEFINA\Documents\OD\bc2\IMG_20190420_194433.jpg</path>
	<source>
		<database>Unknown</database>
	</source>
	<size>
		<width>500</width>
		<height>500</height>
		<depth>3</depth>
	</size>
	<segmented>0</segmented>
	<object>
		<name>Bercak Coklat</name>
		<pose>Unspecified</pose>
		<truncated>0</truncated>
		<difficult>0</difficult>
		<bndbox>
			<xmin>385</xmin>
			<ymin>146</ymin>
			<xmax>423</xmax>
			<ymax>160</ymax>
		</bndbox>
	</object>
	<object>
		<name>Bercak Coklat</name>
		<pose>Unspecified</pose>
		<truncated>0</truncated>
		<difficult>0</difficult>
		<bndbox>
			<xmin>451</xmin>
			<ymin>34</ymin>
			<xmax>487</xmax>
			<ymax>65</ymax>
		</bndbox>
	</object>
	<object>
		<name>Bercak Coklat</name>
		<pose>Unspecified</pose>
		<truncated>0</truncated>
		<difficult>0</difficult>
		<bndbox>
			<xmin>109</xmin>
			<ymin>277</ymin>
			<xmax>129</xmax>
			<ymax>307</ymax>
		</bndbox>
	</object>
</annotation>
