<annotation>
	<folder>Hispa</folder>
	<filename>IMG_20190419_140037.jpg</filename>
	<path>E:\UNJ\Kuliah\Semester 8\Bangkit 2021\2022\Assignment\Hispa\IMG_20190419_140037.jpg</path>
	<source>
		<database>Unknown</database>
	</source>
	<size>
		<width>500</width>
		<height>500</height>
		<depth>3</depth>
	</size>
	<segmented>0</segmented>
	<object>
		<name>Hawar Daun</name>
		<pose>Unspecified</pose>
		<truncated>0</truncated>
		<difficult>0</difficult>
		<bndbox>
			<xmin>447</xmin>
			<ymin>411</ymin>
			<xmax>453</xmax>
			<ymax>417</ymax>
		</bndbox>
	</object>
	<object>
		<name>Hawar Daun</name>
		<pose>Unspecified</pose>
		<truncated>0</truncated>
		<difficult>0</difficult>
		<bndbox>
			<xmin>181</xmin>
			<ymin>255</ymin>
			<xmax>189</xmax>
			<ymax>263</ymax>
		</bndbox>
	</object>
	<object>
		<name>Hawar Daun</name>
		<pose>Unspecified</pose>
		<truncated>0</truncated>
		<difficult>0</difficult>
		<bndbox>
			<xmin>333</xmin>
			<ymin>317</ymin>
			<xmax>342</xmax>
			<ymax>323</ymax>
		</bndbox>
	</object>
</annotation>
