<annotation>
	<folder>bc2</folder>
	<filename>IMG_20190420_190217.jpg</filename>
	<path>C:\Users\DEFINA\Documents\OD\bc2\IMG_20190420_190217.jpg</path>
	<source>
		<database>Unknown</database>
	</source>
	<size>
		<width>500</width>
		<height>500</height>
		<depth>3</depth>
	</size>
	<segmented>0</segmented>
	<object>
		<name>Bercak Coklat</name>
		<pose>Unspecified</pose>
		<truncated>0</truncated>
		<difficult>0</difficult>
		<bndbox>
			<xmin>302</xmin>
			<ymin>151</ymin>
			<xmax>322</xmax>
			<ymax>177</ymax>
		</bndbox>
	</object>
	<object>
		<name>Bercak Coklat</name>
		<pose>Unspecified</pose>
		<truncated>0</truncated>
		<difficult>0</difficult>
		<bndbox>
			<xmin>373</xmin>
			<ymin>17</ymin>
			<xmax>392</xmax>
			<ymax>34</ymax>
		</bndbox>
	</object>
	<object>
		<name>Bercak Coklat</name>
		<pose>Unspecified</pose>
		<truncated>0</truncated>
		<difficult>0</difficult>
		<bndbox>
			<xmin>357</xmin>
			<ymin>34</ymin>
			<xmax>375</xmax>
			<ymax>65</ymax>
		</bndbox>
	</object>
	<object>
		<name>Bercak Coklat</name>
		<pose>Unspecified</pose>
		<truncated>0</truncated>
		<difficult>0</difficult>
		<bndbox>
			<xmin>331</xmin>
			<ymin>72</ymin>
			<xmax>351</xmax>
			<ymax>96</ymax>
		</bndbox>
	</object>
</annotation>
