<annotation>
	<folder>bc2</folder>
	<filename>IMG_20190420_194504.jpg</filename>
	<path>C:\Users\DEFINA\Documents\OD\bc2\IMG_20190420_194504.jpg</path>
	<source>
		<database>Unknown</database>
	</source>
	<size>
		<width>500</width>
		<height>500</height>
		<depth>3</depth>
	</size>
	<segmented>0</segmented>
	<object>
		<name>Bercak Coklat</name>
		<pose>Unspecified</pose>
		<truncated>0</truncated>
		<difficult>0</difficult>
		<bndbox>
			<xmin>258</xmin>
			<ymin>276</ymin>
			<xmax>312</xmax>
			<ymax>301</ymax>
		</bndbox>
	</object>
	<object>
		<name>Bercak Coklat</name>
		<pose>Unspecified</pose>
		<truncated>0</truncated>
		<difficult>0</difficult>
		<bndbox>
			<xmin>399</xmin>
			<ymin>131</ymin>
			<xmax>456</xmax>
			<ymax>160</ymax>
		</bndbox>
	</object>
</annotation>
