<annotation>
	<folder>bc2</folder>
	<filename>IMG_20190420_194915.jpg</filename>
	<path>C:\Users\DEFINA\Documents\OD\bc2\IMG_20190420_194915.jpg</path>
	<source>
		<database>Unknown</database>
	</source>
	<size>
		<width>500</width>
		<height>500</height>
		<depth>3</depth>
	</size>
	<segmented>0</segmented>
	<object>
		<name>Bercak Coklat</name>
		<pose>Unspecified</pose>
		<truncated>0</truncated>
		<difficult>0</difficult>
		<bndbox>
			<xmin>248</xmin>
			<ymin>244</ymin>
			<xmax>273</xmax>
			<ymax>259</ymax>
		</bndbox>
	</object>
</annotation>
