<annotation>
	<folder>bc2</folder>
	<filename>IMG_20190420_194505.jpg</filename>
	<path>C:\Users\DEFINA\Documents\OD\bc2\IMG_20190420_194505.jpg</path>
	<source>
		<database>Unknown</database>
	</source>
	<size>
		<width>500</width>
		<height>500</height>
		<depth>3</depth>
	</size>
	<segmented>0</segmented>
	<object>
		<name>Bercak Coklat</name>
		<pose>Unspecified</pose>
		<truncated>0</truncated>
		<difficult>0</difficult>
		<bndbox>
			<xmin>244</xmin>
			<ymin>188</ymin>
			<xmax>273</xmax>
			<ymax>211</ymax>
		</bndbox>
	</object>
	<object>
		<name>Bercak Coklat</name>
		<pose>Unspecified</pose>
		<truncated>0</truncated>
		<difficult>0</difficult>
		<bndbox>
			<xmin>339</xmin>
			<ymin>181</ymin>
			<xmax>364</xmax>
			<ymax>197</ymax>
		</bndbox>
	</object>
</annotation>
