<annotation>
	<folder>bc2</folder>
	<filename>IMG_20190420_193702.jpg</filename>
	<path>C:\Users\DEFINA\Documents\OD\bc2\IMG_20190420_193702.jpg</path>
	<source>
		<database>Unknown</database>
	</source>
	<size>
		<width>500</width>
		<height>500</height>
		<depth>3</depth>
	</size>
	<segmented>0</segmented>
	<object>
		<name>Bercak Coklat</name>
		<pose>Unspecified</pose>
		<truncated>0</truncated>
		<difficult>0</difficult>
		<bndbox>
			<xmin>145</xmin>
			<ymin>120</ymin>
			<xmax>170</xmax>
			<ymax>147</ymax>
		</bndbox>
	</object>
	<object>
		<name>Bercak Coklat</name>
		<pose>Unspecified</pose>
		<truncated>0</truncated>
		<difficult>0</difficult>
		<bndbox>
			<xmin>322</xmin>
			<ymin>443</ymin>
			<xmax>359</xmax>
			<ymax>478</ymax>
		</bndbox>
	</object>
</annotation>
