<annotation>
	<folder>bc2</folder>
	<filename>IMG_20190420_190330.jpg</filename>
	<path>C:\Users\DEFINA\Documents\OD\bc2\IMG_20190420_190330.jpg</path>
	<source>
		<database>Unknown</database>
	</source>
	<size>
		<width>500</width>
		<height>500</height>
		<depth>3</depth>
	</size>
	<segmented>0</segmented>
	<object>
		<name>Bercak Coklat</name>
		<pose>Unspecified</pose>
		<truncated>0</truncated>
		<difficult>0</difficult>
		<bndbox>
			<xmin>135</xmin>
			<ymin>217</ymin>
			<xmax>157</xmax>
			<ymax>247</ymax>
		</bndbox>
	</object>
	<object>
		<name>Bercak Coklat</name>
		<pose>Unspecified</pose>
		<truncated>0</truncated>
		<difficult>0</difficult>
		<bndbox>
			<xmin>198</xmin>
			<ymin>219</ymin>
			<xmax>224</xmax>
			<ymax>244</ymax>
		</bndbox>
	</object>
	<object>
		<name>Bercak Coklat</name>
		<pose>Unspecified</pose>
		<truncated>0</truncated>
		<difficult>0</difficult>
		<bndbox>
			<xmin>212</xmin>
			<ymin>180</ymin>
			<xmax>238</xmax>
			<ymax>202</ymax>
		</bndbox>
	</object>
	<object>
		<name>Bercak Coklat</name>
		<pose>Unspecified</pose>
		<truncated>0</truncated>
		<difficult>0</difficult>
		<bndbox>
			<xmin>329</xmin>
			<ymin>103</ymin>
			<xmax>364</xmax>
			<ymax>133</ymax>
		</bndbox>
	</object>
</annotation>
