<annotation>
	<folder>bc2</folder>
	<filename>IMG_20190421_195254.jpg</filename>
	<path>C:\Users\DEFINA\Documents\OD\bc2\IMG_20190421_195254.jpg</path>
	<source>
		<database>Unknown</database>
	</source>
	<size>
		<width>500</width>
		<height>500</height>
		<depth>3</depth>
	</size>
	<segmented>0</segmented>
	<object>
		<name>Bercak Coklat</name>
		<pose>Unspecified</pose>
		<truncated>0</truncated>
		<difficult>0</difficult>
		<bndbox>
			<xmin>323</xmin>
			<ymin>243</ymin>
			<xmax>349</xmax>
			<ymax>266</ymax>
		</bndbox>
	</object>
	<object>
		<name>Bercak Coklat</name>
		<pose>Unspecified</pose>
		<truncated>0</truncated>
		<difficult>0</difficult>
		<bndbox>
			<xmin>223</xmin>
			<ymin>342</ymin>
			<xmax>252</xmax>
			<ymax>370</ymax>
		</bndbox>
	</object>
</annotation>
