<annotation>
	<folder>bc2</folder>
	<filename>IMG_20190420_195223.jpg</filename>
	<path>C:\Users\DEFINA\Documents\OD\bc2\IMG_20190420_195223.jpg</path>
	<source>
		<database>Unknown</database>
	</source>
	<size>
		<width>500</width>
		<height>500</height>
		<depth>3</depth>
	</size>
	<segmented>0</segmented>
	<object>
		<name>Bercak Coklat</name>
		<pose>Unspecified</pose>
		<truncated>0</truncated>
		<difficult>0</difficult>
		<bndbox>
			<xmin>270</xmin>
			<ymin>384</ymin>
			<xmax>302</xmax>
			<ymax>404</ymax>
		</bndbox>
	</object>
	<object>
		<name>Bercak Coklat</name>
		<pose>Unspecified</pose>
		<truncated>0</truncated>
		<difficult>0</difficult>
		<bndbox>
			<xmin>142</xmin>
			<ymin>54</ymin>
			<xmax>172</xmax>
			<ymax>90</ymax>
		</bndbox>
	</object>
	<object>
		<name>Bercak Coklat</name>
		<pose>Unspecified</pose>
		<truncated>1</truncated>
		<difficult>0</difficult>
		<bndbox>
			<xmin>120</xmin>
			<ymin>1</ymin>
			<xmax>152</xmax>
			<ymax>12</ymax>
		</bndbox>
	</object>
</annotation>
