<annotation>
	<folder>bc</folder>
	<filename>maxresdefault4.jpg</filename>
	<path>C:\Users\DEFINA\Documents\OD\bc\maxresdefault4.jpg</path>
	<source>
		<database>Unknown</database>
	</source>
	<size>
		<width>397</width>
		<height>719</height>
		<depth>3</depth>
	</size>
	<segmented>0</segmented>
	<object>
		<name>Bercak Coklat</name>
		<pose>Unspecified</pose>
		<truncated>0</truncated>
		<difficult>0</difficult>
		<bndbox>
			<xmin>194</xmin>
			<ymin>261</ymin>
			<xmax>263</xmax>
			<ymax>345</ymax>
		</bndbox>
	</object>
</annotation>
