<annotation>
	<folder>busuk leher</folder>
	<filename>rice_leaf_blast_lesions_texas_agrilife.webp</filename>
	<path>C:\Users\USER\Downloads\busuk leher-20220601T073456Z-001\busuk leher\rice_leaf_blast_lesions_texas_agrilife.webp</path>
	<source>
		<database>Unknown</database>
	</source>
	<size>
		<width>600</width>
		<height>301</height>
		<depth>3</depth>
	</size>
	<segmented>0</segmented>
	<object>
		<name>Busuk Leher</name>
		<pose>Unspecified</pose>
		<truncated>0</truncated>
		<difficult>0</difficult>
		<bndbox>
			<xmin>24</xmin>
			<ymin>157</ymin>
			<xmax>116</xmax>
			<ymax>176</ymax>
		</bndbox>
	</object>
	<object>
		<name>Busuk Leher</name>
		<pose>Unspecified</pose>
		<truncated>0</truncated>
		<difficult>0</difficult>
		<bndbox>
			<xmin>176</xmin>
			<ymin>145</ymin>
			<xmax>241</xmax>
			<ymax>169</ymax>
		</bndbox>
	</object>
	<object>
		<name>Busuk Leher</name>
		<pose>Unspecified</pose>
		<truncated>0</truncated>
		<difficult>0</difficult>
		<bndbox>
			<xmin>247</xmin>
			<ymin>152</ymin>
			<xmax>353</xmax>
			<ymax>167</ymax>
		</bndbox>
	</object>
	<object>
		<name>Busuk Leher</name>
		<pose>Unspecified</pose>
		<truncated>0</truncated>
		<difficult>0</difficult>
		<bndbox>
			<xmin>232</xmin>
			<ymin>167</ymin>
			<xmax>302</xmax>
			<ymax>183</ymax>
		</bndbox>
	</object>
	<object>
		<name>Busuk Leher</name>
		<pose>Unspecified</pose>
		<truncated>0</truncated>
		<difficult>0</difficult>
		<bndbox>
			<xmin>375</xmin>
			<ymin>149</ymin>
			<xmax>426</xmax>
			<ymax>178</ymax>
		</bndbox>
	</object>
	<object>
		<name>Bercak Coklat</name>
		<pose>Unspecified</pose>
		<truncated>0</truncated>
		<difficult>0</difficult>
		<bndbox>
			<xmin>354</xmin>
			<ymin>156</ymin>
			<xmax>371</xmax>
			<ymax>171</ymax>
		</bndbox>
	</object>
</annotation>
