<annotation>
	<folder>bc</folder>
	<filename>screenshot_2017-12-02-03-41-16_com-pakarpadi-johar-pakarpadi_1512161107159(1).jpg</filename>
	<path>C:\Users\DEFINA\Documents\OD\bc\screenshot_2017-12-02-03-41-16_com-pakarpadi-johar-pakarpadi_1512161107159(1).jpg</path>
	<source>
		<database>Unknown</database>
	</source>
	<size>
		<width>292</width>
		<height>528</height>
		<depth>3</depth>
	</size>
	<segmented>0</segmented>
	<object>
		<name>Bercak Coklat</name>
		<pose>Unspecified</pose>
		<truncated>0</truncated>
		<difficult>0</difficult>
		<bndbox>
			<xmin>118</xmin>
			<ymin>206</ymin>
			<xmax>153</xmax>
			<ymax>268</ymax>
		</bndbox>
	</object>
	<object>
		<name>Bercak Coklat</name>
		<pose>Unspecified</pose>
		<truncated>0</truncated>
		<difficult>0</difficult>
		<bndbox>
			<xmin>196</xmin>
			<ymin>149</ymin>
			<xmax>234</xmax>
			<ymax>288</ymax>
		</bndbox>
	</object>
	<object>
		<name>Bercak Coklat</name>
		<pose>Unspecified</pose>
		<truncated>0</truncated>
		<difficult>0</difficult>
		<bndbox>
			<xmin>227</xmin>
			<ymin>136</ymin>
			<xmax>282</xmax>
			<ymax>324</ymax>
		</bndbox>
	</object>
</annotation>
