<annotation>
	<folder>bc</folder>
	<filename>Screenshot_58(1).png</filename>
	<path>C:\Users\DEFINA\Documents\OD\bc\Screenshot_58(1).png</path>
	<source>
		<database>Unknown</database>
	</source>
	<size>
		<width>122</width>
		<height>284</height>
		<depth>3</depth>
	</size>
	<segmented>0</segmented>
	<object>
		<name>Bercak Coklat</name>
		<pose>Unspecified</pose>
		<truncated>0</truncated>
		<difficult>0</difficult>
		<bndbox>
			<xmin>20</xmin>
			<ymin>126</ymin>
			<xmax>29</xmax>
			<ymax>142</ymax>
		</bndbox>
	</object>
	<object>
		<name>Bercak Coklat</name>
		<pose>Unspecified</pose>
		<truncated>0</truncated>
		<difficult>0</difficult>
		<bndbox>
			<xmin>74</xmin>
			<ymin>183</ymin>
			<xmax>88</xmax>
			<ymax>203</ymax>
		</bndbox>
	</object>
	<object>
		<name>Bercak Coklat</name>
		<pose>Unspecified</pose>
		<truncated>0</truncated>
		<difficult>0</difficult>
		<bndbox>
			<xmin>66</xmin>
			<ymin>105</ymin>
			<xmax>82</xmax>
			<ymax>124</ymax>
		</bndbox>
	</object>
	<object>
		<name>Bercak Coklat</name>
		<pose>Unspecified</pose>
		<truncated>0</truncated>
		<difficult>0</difficult>
		<bndbox>
			<xmin>13</xmin>
			<ymin>206</ymin>
			<xmax>25</xmax>
			<ymax>223</ymax>
		</bndbox>
	</object>
	<object>
		<name>Bercak Coklat</name>
		<pose>Unspecified</pose>
		<truncated>0</truncated>
		<difficult>0</difficult>
		<bndbox>
			<xmin>3</xmin>
			<ymin>192</ymin>
			<xmax>20</xmax>
			<ymax>202</ymax>
		</bndbox>
	</object>
	<object>
		<name>Bercak Coklat</name>
		<pose>Unspecified</pose>
		<truncated>0</truncated>
		<difficult>0</difficult>
		<bndbox>
			<xmin>6</xmin>
			<ymin>230</ymin>
			<xmax>19</xmax>
			<ymax>242</ymax>
		</bndbox>
	</object>
</annotation>
