<annotation>
	<folder>bc</folder>
	<filename>v_188289_26251248.jpg</filename>
	<path>C:\Users\DEFINA\Documents\OD\bc\v_188289_26251248.jpg</path>
	<source>
		<database>Unknown</database>
	</source>
	<size>
		<width>640</width>
		<height>348</height>
		<depth>3</depth>
	</size>
	<segmented>0</segmented>
	<object>
		<name>Bercak Coklat</name>
		<pose>Unspecified</pose>
		<truncated>0</truncated>
		<difficult>0</difficult>
		<bndbox>
			<xmin>142</xmin>
			<ymin>225</ymin>
			<xmax>167</xmax>
			<ymax>256</ymax>
		</bndbox>
	</object>
	<object>
		<name>Bercak Coklat</name>
		<pose>Unspecified</pose>
		<truncated>0</truncated>
		<difficult>0</difficult>
		<bndbox>
			<xmin>206</xmin>
			<ymin>299</ymin>
			<xmax>234</xmax>
			<ymax>333</ymax>
		</bndbox>
	</object>
	<object>
		<name>Bercak Coklat</name>
		<pose>Unspecified</pose>
		<truncated>0</truncated>
		<difficult>0</difficult>
		<bndbox>
			<xmin>167</xmin>
			<ymin>94</ymin>
			<xmax>199</xmax>
			<ymax>130</ymax>
		</bndbox>
	</object>
</annotation>
