<annotation>
	<folder>hawar daun</folder>
	<filename>DSC_0702.jpg</filename>
	<path>E:\UNJ\Kuliah\Semester 8\Bangkit 2021\2022\Assignment\label\hawar daun\DSC_0702.jpg</path>
	<source>
		<database>Unknown</database>
	</source>
	<size>
		<width>3081</width>
		<height>897</height>
		<depth>3</depth>
	</size>
	<segmented>0</segmented>
	<object>
		<name>Hawar Daun</name>
		<pose>Unspecified</pose>
		<truncated>0</truncated>
		<difficult>0</difficult>
		<bndbox>
			<xmin>435</xmin>
			<ymin>582</ymin>
			<xmax>837</xmax>
			<ymax>779</ymax>
		</bndbox>
	</object>
	<object>
		<name>Hawar Daun</name>
		<pose>Unspecified</pose>
		<truncated>0</truncated>
		<difficult>0</difficult>
		<bndbox>
			<xmin>2699</xmin>
			<ymin>501</ymin>
			<xmax>3038</xmax>
			<ymax>642</ymax>
		</bndbox>
	</object>
</annotation>
