<annotation>
	<folder>hawar daun</folder>
	<filename>DSC_0398.JPG</filename>
	<path>E:\UNJ\Kuliah\Semester 8\Bangkit 2021\2022\Assignment\label\hawar daun\DSC_0398.JPG</path>
	<source>
		<database>Unknown</database>
	</source>
	<size>
		<width>3081</width>
		<height>897</height>
		<depth>3</depth>
	</size>
	<segmented>0</segmented>
	<object>
		<name>Hawar Daun</name>
		<pose>Unspecified</pose>
		<truncated>0</truncated>
		<difficult>0</difficult>
		<bndbox>
			<xmin>432</xmin>
			<ymin>410</ymin>
			<xmax>659</xmax>
			<ymax>479</ymax>
		</bndbox>
	</object>
	<object>
		<name>Hawar Daun</name>
		<pose>Unspecified</pose>
		<truncated>0</truncated>
		<difficult>0</difficult>
		<bndbox>
			<xmin>2326</xmin>
			<ymin>448</ymin>
			<xmax>2485</xmax>
			<ymax>473</ymax>
		</bndbox>
	</object>
</annotation>
