<annotation>
	<folder>busuk leher</folder>
	<filename>DSCN2290_1_Rice_Blast_fungus_infecting_plants_-_Nick_Talbot (1).jpg</filename>
	<path>C:\Users\USER\Downloads\busuk leher-20220601T073456Z-001\busuk leher\DSCN2290_1_Rice_Blast_fungus_infecting_plants_-_Nick_Talbot (1).jpg</path>
	<source>
		<database>Unknown</database>
	</source>
	<size>
		<width>727</width>
		<height>1462</height>
		<depth>3</depth>
	</size>
	<segmented>0</segmented>
	<object>
		<name>Busuk Leher</name>
		<pose>Unspecified</pose>
		<truncated>0</truncated>
		<difficult>0</difficult>
		<bndbox>
			<xmin>219</xmin>
			<ymin>144</ymin>
			<xmax>334</xmax>
			<ymax>326</ymax>
		</bndbox>
	</object>
	<object>
		<name>Busuk Leher</name>
		<pose>Unspecified</pose>
		<truncated>0</truncated>
		<difficult>0</difficult>
		<bndbox>
			<xmin>434</xmin>
			<ymin>1057</ymin>
			<xmax>519</xmax>
			<ymax>1166</ymax>
		</bndbox>
	</object>
	<object>
		<name>Busuk Leher</name>
		<pose>Unspecified</pose>
		<truncated>0</truncated>
		<difficult>0</difficult>
		<bndbox>
			<xmin>385</xmin>
			<ymin>655</ymin>
			<xmax>461</xmax>
			<ymax>802</ymax>
		</bndbox>
	</object>
	<object>
		<name>Bercak Coklat</name>
		<pose>Unspecified</pose>
		<truncated>0</truncated>
		<difficult>0</difficult>
		<bndbox>
			<xmin>348</xmin>
			<ymin>799</ymin>
			<xmax>432</xmax>
			<ymax>884</ymax>
		</bndbox>
	</object>
	<object>
		<name>Busuk Leher</name>
		<pose>Unspecified</pose>
		<truncated>0</truncated>
		<difficult>0</difficult>
		<bndbox>
			<xmin>456</xmin>
			<ymin>537</ymin>
			<xmax>543</xmax>
			<ymax>715</ymax>
		</bndbox>
	</object>
	<object>
		<name>Busuk Leher</name>
		<pose>Unspecified</pose>
		<truncated>0</truncated>
		<difficult>0</difficult>
		<bndbox>
			<xmin>494</xmin>
			<ymin>739</ymin>
			<xmax>561</xmax>
			<ymax>873</ymax>
		</bndbox>
	</object>
</annotation>
