<annotation>
	<folder>bc</folder>
	<filename>images (1)2.jpg</filename>
	<path>C:\Users\DEFINA\Documents\OD\bc\images (1)2.jpg</path>
	<source>
		<database>Unknown</database>
	</source>
	<size>
		<width>150</width>
		<height>192</height>
		<depth>3</depth>
	</size>
	<segmented>0</segmented>
	<object>
		<name>Bercak Coklat</name>
		<pose>Unspecified</pose>
		<truncated>0</truncated>
		<difficult>0</difficult>
		<bndbox>
			<xmin>86</xmin>
			<ymin>39</ymin>
			<xmax>96</xmax>
			<ymax>53</ymax>
		</bndbox>
	</object>
	<object>
		<name>Bercak Coklat</name>
		<pose>Unspecified</pose>
		<truncated>0</truncated>
		<difficult>0</difficult>
		<bndbox>
			<xmin>123</xmin>
			<ymin>58</ymin>
			<xmax>132</xmax>
			<ymax>74</ymax>
		</bndbox>
	</object>
</annotation>
