<annotation>
	<folder>bc</folder>
	<filename>images (16)(2).jpg</filename>
	<path>C:\Users\DEFINA\Documents\OD\bc\images (16)(2).jpg</path>
	<source>
		<database>Unknown</database>
	</source>
	<size>
		<width>137</width>
		<height>176</height>
		<depth>3</depth>
	</size>
	<segmented>0</segmented>
	<object>
		<name>Bercak Coklat</name>
		<pose>Unspecified</pose>
		<truncated>0</truncated>
		<difficult>0</difficult>
		<bndbox>
			<xmin>9</xmin>
			<ymin>55</ymin>
			<xmax>20</xmax>
			<ymax>81</ymax>
		</bndbox>
	</object>
	<object>
		<name>Bercak Coklat</name>
		<pose>Unspecified</pose>
		<truncated>0</truncated>
		<difficult>0</difficult>
		<bndbox>
			<xmin>20</xmin>
			<ymin>137</ymin>
			<xmax>32</xmax>
			<ymax>165</ymax>
		</bndbox>
	</object>
</annotation>
