<annotation>
	<folder>bc</folder>
	<filename>images (5)(1).jpg</filename>
	<path>C:\Users\DEFINA\Documents\OD\bc\images (5)(1).jpg</path>
	<source>
		<database>Unknown</database>
	</source>
	<size>
		<width>247</width>
		<height>114</height>
		<depth>3</depth>
	</size>
	<segmented>0</segmented>
	<object>
		<name>Bercak Coklat</name>
		<pose>Unspecified</pose>
		<truncated>0</truncated>
		<difficult>0</difficult>
		<bndbox>
			<xmin>8</xmin>
			<ymin>30</ymin>
			<xmax>34</xmax>
			<ymax>46</ymax>
		</bndbox>
	</object>
</annotation>
