<annotation>
	<folder>LeafBlast</folder>
	<filename>IMG_20190419_095031.jpg</filename>
	<path>C:\Users\USER\Downloads\archive (2)\train\LeafBlast\IMG_20190419_095031.jpg</path>
	<source>
		<database>Unknown</database>
	</source>
	<size>
		<width>500</width>
		<height>500</height>
		<depth>3</depth>
	</size>
	<segmented>0</segmented>
	<object>
		<name>Busuk Leher</name>
		<pose>Unspecified</pose>
		<truncated>0</truncated>
		<difficult>0</difficult>
		<bndbox>
			<xmin>2</xmin>
			<ymin>249</ymin>
			<xmax>425</xmax>
			<ymax>303</ymax>
		</bndbox>
	</object>
	<object>
		<name>Busuk Leher</name>
		<pose>Unspecified</pose>
		<truncated>0</truncated>
		<difficult>0</difficult>
		<bndbox>
			<xmin>114</xmin>
			<ymin>233</ymin>
			<xmax>138</xmax>
			<ymax>257</ymax>
		</bndbox>
	</object>
</annotation>
