<annotation>
	<folder>LeafBlast</folder>
	<filename>IMG_20190419_111221.jpg</filename>
	<path>C:\Users\USER\Downloads\archive (2)\train\LeafBlast\IMG_20190419_111221.jpg</path>
	<source>
		<database>Unknown</database>
	</source>
	<size>
		<width>500</width>
		<height>500</height>
		<depth>3</depth>
	</size>
	<segmented>0</segmented>
	<object>
		<name>Busuk Leher</name>
		<pose>Unspecified</pose>
		<truncated>0</truncated>
		<difficult>0</difficult>
		<bndbox>
			<xmin>94</xmin>
			<ymin>98</ymin>
			<xmax>127</xmax>
			<ymax>127</ymax>
		</bndbox>
	</object>
	<object>
		<name>Busuk Leher</name>
		<pose>Unspecified</pose>
		<truncated>0</truncated>
		<difficult>0</difficult>
		<bndbox>
			<xmin>308</xmin>
			<ymin>263</ymin>
			<xmax>323</xmax>
			<ymax>286</ymax>
		</bndbox>
	</object>
	<object>
		<name>Busuk Leher</name>
		<pose>Unspecified</pose>
		<truncated>0</truncated>
		<difficult>0</difficult>
		<bndbox>
			<xmin>217</xmin>
			<ymin>238</ymin>
			<xmax>242</xmax>
			<ymax>263</ymax>
		</bndbox>
	</object>
	<object>
		<name>Busuk Leher</name>
		<pose>Unspecified</pose>
		<truncated>1</truncated>
		<difficult>0</difficult>
		<bndbox>
			<xmin>466</xmin>
			<ymin>431</ymin>
			<xmax>500</xmax>
			<ymax>473</ymax>
		</bndbox>
	</object>
</annotation>
