<annotation>
	<folder>bc</folder>
	<filename>13-2(1).jpg</filename>
	<path>C:\Users\DEFINA\Documents\OD\bc\13-2(1).jpg</path>
	<source>
		<database>Unknown</database>
	</source>
	<size>
		<width>313</width>
		<height>977</height>
		<depth>3</depth>
	</size>
	<segmented>0</segmented>
	<object>
		<name>Bercak Coklat</name>
		<pose>Unspecified</pose>
		<truncated>0</truncated>
		<difficult>0</difficult>
		<bndbox>
			<xmin>184</xmin>
			<ymin>409</ymin>
			<xmax>276</xmax>
			<ymax>618</ymax>
		</bndbox>
	</object>
	<object>
		<name>Bercak Coklat</name>
		<pose>Unspecified</pose>
		<truncated>0</truncated>
		<difficult>0</difficult>
		<bndbox>
			<xmin>88</xmin>
			<ymin>404</ymin>
			<xmax>147</xmax>
			<ymax>568</ymax>
		</bndbox>
	</object>
</annotation>
