<annotation>
	<folder>bc</folder>
	<filename>5560951(8).jpg</filename>
	<path>C:\Users\DEFINA\Documents\OD\bc\5560951(8).jpg</path>
	<source>
		<database>Unknown</database>
	</source>
	<size>
		<width>149</width>
		<height>495</height>
		<depth>3</depth>
	</size>
	<segmented>0</segmented>
	<object>
		<name>Bercak Coklat</name>
		<pose>Unspecified</pose>
		<truncated>0</truncated>
		<difficult>0</difficult>
		<bndbox>
			<xmin>67</xmin>
			<ymin>304</ymin>
			<xmax>88</xmax>
			<ymax>327</ymax>
		</bndbox>
	</object>
	<object>
		<name>Bercak Coklat</name>
		<pose>Unspecified</pose>
		<truncated>0</truncated>
		<difficult>0</difficult>
		<bndbox>
			<xmin>42</xmin>
			<ymin>424</ymin>
			<xmax>63</xmax>
			<ymax>447</ymax>
		</bndbox>
	</object>
	<object>
		<name>Bercak Coklat</name>
		<pose>Unspecified</pose>
		<truncated>0</truncated>
		<difficult>0</difficult>
		<bndbox>
			<xmin>28</xmin>
			<ymin>459</ymin>
			<xmax>52</xmax>
			<ymax>483</ymax>
		</bndbox>
	</object>
</annotation>
