<annotation>
	<folder>hawar daun</folder>
	<filename>BACTERAILBLIGHT4_027.jpg</filename>
	<path>E:\UNJ\Kuliah\Semester 8\Bangkit 2021\2022\Assignment\label\hawar daun\BACTERAILBLIGHT4_027.jpg</path>
	<source>
		<database>Unknown</database>
	</source>
	<size>
		<width>300</width>
		<height>300</height>
		<depth>3</depth>
	</size>
	<segmented>0</segmented>
	<object>
		<name>Hawar Daun</name>
		<pose>Unspecified</pose>
		<truncated>0</truncated>
		<difficult>0</difficult>
		<bndbox>
			<xmin>154</xmin>
			<ymin>136</ymin>
			<xmax>161</xmax>
			<ymax>172</ymax>
		</bndbox>
	</object>
</annotation>
