<annotation>
	<folder>hawar daun</folder>
	<filename>BACTERAILBLIGHT3_172.jpg</filename>
	<path>E:\UNJ\Kuliah\Semester 8\Bangkit 2021\2022\Assignment\label\hawar daun\BACTERAILBLIGHT3_172.jpg</path>
	<source>
		<database>Unknown</database>
	</source>
	<size>
		<width>300</width>
		<height>300</height>
		<depth>3</depth>
	</size>
	<segmented>0</segmented>
	<object>
		<name>Hawar Daun</name>
		<pose>Unspecified</pose>
		<truncated>0</truncated>
		<difficult>0</difficult>
		<bndbox>
			<xmin>12</xmin>
			<ymin>82</ymin>
			<xmax>200</xmax>
			<ymax>162</ymax>
		</bndbox>
	</object>
	<object>
		<name>Hawar Daun</name>
		<pose>Unspecified</pose>
		<truncated>0</truncated>
		<difficult>0</difficult>
		<bndbox>
			<xmin>2</xmin>
			<ymin>219</ymin>
			<xmax>146</xmax>
			<ymax>298</ymax>
		</bndbox>
	</object>
	<object>
		<name>Hawar Daun</name>
		<pose>Unspecified</pose>
		<truncated>0</truncated>
		<difficult>0</difficult>
		<bndbox>
			<xmin>185</xmin>
			<ymin>238</ymin>
			<xmax>254</xmax>
			<ymax>292</ymax>
		</bndbox>
	</object>
	<object>
		<name>Hawar Daun</name>
		<pose>Unspecified</pose>
		<truncated>1</truncated>
		<difficult>0</difficult>
		<bndbox>
			<xmin>1</xmin>
			<ymin>130</ymin>
			<xmax>48</xmax>
			<ymax>232</ymax>
		</bndbox>
	</object>
</annotation>
