<annotation>
	<folder>busuk leher</folder>
	<filename>BLAST1_047.jpg</filename>
	<path>C:\Users\USER\Downloads\busuk leher-20220601T073456Z-001\busuk leher\BLAST1_047.jpg</path>
	<source>
		<database>Unknown</database>
	</source>
	<size>
		<width>300</width>
		<height>300</height>
		<depth>3</depth>
	</size>
	<segmented>0</segmented>
	<object>
		<name>Busuk Leher</name>
		<pose>Unspecified</pose>
		<truncated>0</truncated>
		<difficult>0</difficult>
		<bndbox>
			<xmin>213</xmin>
			<ymin>57</ymin>
			<xmax>236</xmax>
			<ymax>86</ymax>
		</bndbox>
	</object>
	<object>
		<name>Hawar Daun</name>
		<pose>Unspecified</pose>
		<truncated>0</truncated>
		<difficult>0</difficult>
		<bndbox>
			<xmin>107</xmin>
			<ymin>181</ymin>
			<xmax>138</xmax>
			<ymax>208</ymax>
		</bndbox>
	</object>
	<object>
		<name>Hawar Daun</name>
		<pose>Unspecified</pose>
		<truncated>0</truncated>
		<difficult>0</difficult>
		<bndbox>
			<xmin>87</xmin>
			<ymin>67</ymin>
			<xmax>200</xmax>
			<ymax>174</ymax>
		</bndbox>
	</object>
	<object>
		<name>Busuk Leher</name>
		<pose>Unspecified</pose>
		<truncated>0</truncated>
		<difficult>0</difficult>
		<bndbox>
			<xmin>81</xmin>
			<ymin>232</ymin>
			<xmax>102</xmax>
			<ymax>247</ymax>
		</bndbox>
	</object>
</annotation>
