<annotation>
	<folder>busuk leher</folder>
	<filename>BLAST2_044.jpg</filename>
	<path>C:\Users\USER\Downloads\busuk leher-20220601T073456Z-001\busuk leher\BLAST2_044.jpg</path>
	<source>
		<database>Unknown</database>
	</source>
	<size>
		<width>300</width>
		<height>300</height>
		<depth>3</depth>
	</size>
	<segmented>0</segmented>
	<object>
		<name>Busuk Leher</name>
		<pose>Unspecified</pose>
		<truncated>0</truncated>
		<difficult>0</difficult>
		<bndbox>
			<xmin>64</xmin>
			<ymin>117</ymin>
			<xmax>149</xmax>
			<ymax>261</ymax>
		</bndbox>
	</object>
	<object>
		<name>Busuk Leher</name>
		<pose>Unspecified</pose>
		<truncated>0</truncated>
		<difficult>0</difficult>
		<bndbox>
			<xmin>152</xmin>
			<ymin>83</ymin>
			<xmax>234</xmax>
			<ymax>208</ymax>
		</bndbox>
	</object>
</annotation>
