<annotation>
	<folder>busuk leher</folder>
	<filename>BLAST9_095.jpg</filename>
	<path>C:\Users\USER\Downloads\busuk leher-20220601T073456Z-001\busuk leher\BLAST9_095.jpg</path>
	<source>
		<database>Unknown</database>
	</source>
	<size>
		<width>300</width>
		<height>300</height>
		<depth>3</depth>
	</size>
	<segmented>0</segmented>
	<object>
		<name>Busuk Leher</name>
		<pose>Unspecified</pose>
		<truncated>0</truncated>
		<difficult>0</difficult>
		<bndbox>
			<xmin>191</xmin>
			<ymin>137</ymin>
			<xmax>253</xmax>
			<ymax>177</ymax>
		</bndbox>
	</object>
	<object>
		<name>Bercak Coklat</name>
		<pose>Unspecified</pose>
		<truncated>0</truncated>
		<difficult>0</difficult>
		<bndbox>
			<xmin>209</xmin>
			<ymin>74</ymin>
			<xmax>240</xmax>
			<ymax>100</ymax>
		</bndbox>
	</object>
	<object>
		<name>Bercak Coklat</name>
		<pose>Unspecified</pose>
		<truncated>0</truncated>
		<difficult>0</difficult>
		<bndbox>
			<xmin>138</xmin>
			<ymin>178</ymin>
			<xmax>159</xmax>
			<ymax>199</ymax>
		</bndbox>
	</object>
</annotation>
