<annotation>
	<folder>bercak coklat</folder>
	<filename>Brown_leaf_spot_of_rice-min.jpg</filename>
	<path>C:\Users\DEFINA\Documents\OD\bercak coklat\Brown_leaf_spot_of_rice-min.jpg</path>
	<source>
		<database>Unknown</database>
	</source>
	<size>
		<width>1920</width>
		<height>1281</height>
		<depth>3</depth>
	</size>
	<segmented>0</segmented>
	<object>
		<name>Bercak Coklat</name>
		<pose>Unspecified</pose>
		<truncated>0</truncated>
		<difficult>0</difficult>
		<bndbox>
			<xmin>536</xmin>
			<ymin>746</ymin>
			<xmax>699</xmax>
			<ymax>875</ymax>
		</bndbox>
	</object>
	<object>
		<name>Hawar Daun</name>
		<pose>Unspecified</pose>
		<truncated>0</truncated>
		<difficult>0</difficult>
		<bndbox>
			<xmin>273</xmin>
			<ymin>446</ymin>
			<xmax>393</xmax>
			<ymax>750</ymax>
		</bndbox>
	</object>
	<object>
		<name>Bercak Coklat</name>
		<pose>Unspecified</pose>
		<truncated>0</truncated>
		<difficult>0</difficult>
		<bndbox>
			<xmin>844</xmin>
			<ymin>350</ymin>
			<xmax>1099</xmax>
			<ymax>522</ymax>
		</bndbox>
	</object>
</annotation>
