<annotation>
	<folder>bercak coklat</folder>
	<filename>brownspot_orig_054.jpg</filename>
	<path>C:\Users\DEFINA\Documents\OD\bercak coklat\brownspot_orig_054.jpg</path>
	<source>
		<database>Unknown</database>
	</source>
	<size>
		<width>300</width>
		<height>300</height>
		<depth>3</depth>
	</size>
	<segmented>0</segmented>
	<object>
		<name>Bercak Coklat</name>
		<pose>Unspecified</pose>
		<truncated>0</truncated>
		<difficult>0</difficult>
		<bndbox>
			<xmin>228</xmin>
			<ymin>58</ymin>
			<xmax>271</xmax>
			<ymax>89</ymax>
		</bndbox>
	</object>
	<object>
		<name>Bercak Coklat</name>
		<pose>Unspecified</pose>
		<truncated>0</truncated>
		<difficult>0</difficult>
		<bndbox>
			<xmin>123</xmin>
			<ymin>216</ymin>
			<xmax>145</xmax>
			<ymax>238</ymax>
		</bndbox>
	</object>
</annotation>
