<annotation>
	<folder>bc</folder>
	<filename>brown-spot-fungal-disease-that-260nw-1611333022 (1).jpg.webp</filename>
	<path>C:\Users\DEFINA\Documents\OD\bc\brown-spot-fungal-disease-that-260nw-1611333022 (1).jpg.webp</path>
	<source>
		<database>Unknown</database>
	</source>
	<size>
		<width>195</width>
		<height>280</height>
		<depth>3</depth>
	</size>
	<segmented>0</segmented>
	<object>
		<name>Bercak Coklat</name>
		<pose>Unspecified</pose>
		<truncated>0</truncated>
		<difficult>0</difficult>
		<bndbox>
			<xmin>96</xmin>
			<ymin>97</ymin>
			<xmax>103</xmax>
			<ymax>112</ymax>
		</bndbox>
	</object>
	<object>
		<name>Bercak Coklat</name>
		<pose>Unspecified</pose>
		<truncated>0</truncated>
		<difficult>0</difficult>
		<bndbox>
			<xmin>80</xmin>
			<ymin>102</ymin>
			<xmax>87</xmax>
			<ymax>115</ymax>
		</bndbox>
	</object>
	<object>
		<name>Bercak Coklat</name>
		<pose>Unspecified</pose>
		<truncated>0</truncated>
		<difficult>0</difficult>
		<bndbox>
			<xmin>96</xmin>
			<ymin>122</ymin>
			<xmax>103</xmax>
			<ymax>136</ymax>
		</bndbox>
	</object>
	<object>
		<name>Bercak Coklat</name>
		<pose>Unspecified</pose>
		<truncated>0</truncated>
		<difficult>0</difficult>
		<bndbox>
			<xmin>68</xmin>
			<ymin>114</ymin>
			<xmax>77</xmax>
			<ymax>130</ymax>
		</bndbox>
	</object>
	<object>
		<name>Bercak Coklat</name>
		<pose>Unspecified</pose>
		<truncated>0</truncated>
		<difficult>0</difficult>
		<bndbox>
			<xmin>67</xmin>
			<ymin>138</ymin>
			<xmax>75</xmax>
			<ymax>155</ymax>
		</bndbox>
	</object>
	<object>
		<name>Bercak Coklat</name>
		<pose>Unspecified</pose>
		<truncated>0</truncated>
		<difficult>0</difficult>
		<bndbox>
			<xmin>97</xmin>
			<ymin>79</ymin>
			<xmax>105</xmax>
			<ymax>94</ymax>
		</bndbox>
	</object>
	<object>
		<name>Bercak Coklat</name>
		<pose>Unspecified</pose>
		<truncated>0</truncated>
		<difficult>0</difficult>
		<bndbox>
			<xmin>75</xmin>
			<ymin>73</ymin>
			<xmax>83</xmax>
			<ymax>86</ymax>
		</bndbox>
	</object>
	<object>
		<name>Bercak Coklat</name>
		<pose>Unspecified</pose>
		<truncated>0</truncated>
		<difficult>0</difficult>
		<bndbox>
			<xmin>70</xmin>
			<ymin>81</ymin>
			<xmax>80</xmax>
			<ymax>95</ymax>
		</bndbox>
	</object>
	<object>
		<name>Bercak Coklat</name>
		<pose>Unspecified</pose>
		<truncated>0</truncated>
		<difficult>0</difficult>
		<bndbox>
			<xmin>77</xmin>
			<ymin>180</ymin>
			<xmax>88</xmax>
			<ymax>196</ymax>
		</bndbox>
	</object>
	<object>
		<name>Bercak Coklat</name>
		<pose>Unspecified</pose>
		<truncated>0</truncated>
		<difficult>0</difficult>
		<bndbox>
			<xmin>95</xmin>
			<ymin>165</ymin>
			<xmax>104</xmax>
			<ymax>179</ymax>
		</bndbox>
	</object>
	<object>
		<name>Bercak Coklat</name>
		<pose>Unspecified</pose>
		<truncated>0</truncated>
		<difficult>0</difficult>
		<bndbox>
			<xmin>105</xmin>
			<ymin>169</ymin>
			<xmax>110</xmax>
			<ymax>186</ymax>
		</bndbox>
	</object>
	<object>
		<name>Bercak Coklat</name>
		<pose>Unspecified</pose>
		<truncated>0</truncated>
		<difficult>0</difficult>
		<bndbox>
			<xmin>99</xmin>
			<ymin>195</ymin>
			<xmax>109</xmax>
			<ymax>210</ymax>
		</bndbox>
	</object>
	<object>
		<name>Bercak Coklat</name>
		<pose>Unspecified</pose>
		<truncated>0</truncated>
		<difficult>0</difficult>
		<bndbox>
			<xmin>98</xmin>
			<ymin>230</ymin>
			<xmax>108</xmax>
			<ymax>244</ymax>
		</bndbox>
	</object>
	<object>
		<name>Bercak Coklat</name>
		<pose>Unspecified</pose>
		<truncated>0</truncated>
		<difficult>0</difficult>
		<bndbox>
			<xmin>66</xmin>
			<ymin>200</ymin>
			<xmax>73</xmax>
			<ymax>212</ymax>
		</bndbox>
	</object>
	<object>
		<name>Bercak Coklat</name>
		<pose>Unspecified</pose>
		<truncated>0</truncated>
		<difficult>0</difficult>
		<bndbox>
			<xmin>103</xmin>
			<ymin>44</ymin>
			<xmax>111</xmax>
			<ymax>60</ymax>
		</bndbox>
	</object>
	<object>
		<name>Bercak Coklat</name>
		<pose>Unspecified</pose>
		<truncated>0</truncated>
		<difficult>0</difficult>
		<bndbox>
			<xmin>99</xmin>
			<ymin>64</ymin>
			<xmax>109</xmax>
			<ymax>75</ymax>
		</bndbox>
	</object>
	<object>
		<name>Bercak Coklat</name>
		<pose>Unspecified</pose>
		<truncated>0</truncated>
		<difficult>0</difficult>
		<bndbox>
			<xmin>70</xmin>
			<ymin>50</ymin>
			<xmax>78</xmax>
			<ymax>66</ymax>
		</bndbox>
	</object>
	<object>
		<name>Bercak Coklat</name>
		<pose>Unspecified</pose>
		<truncated>0</truncated>
		<difficult>0</difficult>
		<bndbox>
			<xmin>69</xmin>
			<ymin>40</ymin>
			<xmax>76</xmax>
			<ymax>53</ymax>
		</bndbox>
	</object>
	<object>
		<name>Bercak Coklat</name>
		<pose>Unspecified</pose>
		<truncated>0</truncated>
		<difficult>0</difficult>
		<bndbox>
			<xmin>107</xmin>
			<ymin>5</ymin>
			<xmax>113</xmax>
			<ymax>20</ymax>
		</bndbox>
	</object>
	<object>
		<name>Bercak Coklat</name>
		<pose>Unspecified</pose>
		<truncated>0</truncated>
		<difficult>0</difficult>
		<bndbox>
			<xmin>86</xmin>
			<ymin>14</ymin>
			<xmax>99</xmax>
			<ymax>39</ymax>
		</bndbox>
	</object>
	<object>
		<name>Bercak Coklat</name>
		<pose>Unspecified</pose>
		<truncated>0</truncated>
		<difficult>0</difficult>
		<bndbox>
			<xmin>94</xmin>
			<ymin>42</ymin>
			<xmax>100</xmax>
			<ymax>54</ymax>
		</bndbox>
	</object>
	<object>
		<name>Bercak Coklat</name>
		<pose>Unspecified</pose>
		<truncated>0</truncated>
		<difficult>0</difficult>
		<bndbox>
			<xmin>83</xmin>
			<ymin>47</ymin>
			<xmax>90</xmax>
			<ymax>57</ymax>
		</bndbox>
	</object>
	<object>
		<name>Bercak Coklat</name>
		<pose>Unspecified</pose>
		<truncated>0</truncated>
		<difficult>0</difficult>
		<bndbox>
			<xmin>88</xmin>
			<ymin>52</ymin>
			<xmax>93</xmax>
			<ymax>64</ymax>
		</bndbox>
	</object>
	<object>
		<name>Bercak Coklat</name>
		<pose>Unspecified</pose>
		<truncated>0</truncated>
		<difficult>0</difficult>
		<bndbox>
			<xmin>92</xmin>
			<ymin>50</ymin>
			<xmax>98</xmax>
			<ymax>68</ymax>
		</bndbox>
	</object>
	<object>
		<name>Bercak Coklat</name>
		<pose>Unspecified</pose>
		<truncated>0</truncated>
		<difficult>0</difficult>
		<bndbox>
			<xmin>108</xmin>
			<ymin>24</ymin>
			<xmax>114</xmax>
			<ymax>33</ymax>
		</bndbox>
	</object>
</annotation>
