<annotation>
	<folder>hawar daun</folder>
	<filename>DSC_0372.JPG</filename>
	<path>E:\UNJ\Kuliah\Semester 8\Bangkit 2021\2022\Assignment\label\hawar daun\DSC_0372.JPG</path>
	<source>
		<database>Unknown</database>
	</source>
	<size>
		<width>3081</width>
		<height>897</height>
		<depth>3</depth>
	</size>
	<segmented>0</segmented>
	<object>
		<name>Hawar Daun</name>
		<pose>Unspecified</pose>
		<truncated>0</truncated>
		<difficult>0</difficult>
		<bndbox>
			<xmin>988</xmin>
			<ymin>473</ymin>
			<xmax>1697</xmax>
			<ymax>579</ymax>
		</bndbox>
	</object>
	<object>
		<name>Hawar Daun</name>
		<pose>Unspecified</pose>
		<truncated>0</truncated>
		<difficult>0</difficult>
		<bndbox>
			<xmin>213</xmin>
			<ymin>476</ymin>
			<xmax>460</xmax>
			<ymax>554</ymax>
		</bndbox>
	</object>
	<object>
		<name>Hawar Daun</name>
		<pose>Unspecified</pose>
		<truncated>0</truncated>
		<difficult>0</difficult>
		<bndbox>
			<xmin>1826</xmin>
			<ymin>485</ymin>
			<xmax>2216</xmax>
			<ymax>567</ymax>
		</bndbox>
	</object>
</annotation>
