<annotation>
	<folder>bercak coklat</folder>
	<filename>DSC_0110.jpg</filename>
	<path>C:\Users\DEFINA\Documents\OD\bercak coklat\DSC_0110.jpg</path>
	<source>
		<database>Unknown</database>
	</source>
	<size>
		<width>456</width>
		<height>124</height>
		<depth>3</depth>
	</size>
	<segmented>0</segmented>
	<object>
		<name>Bercak Coklat</name>
		<pose>Unspecified</pose>
		<truncated>0</truncated>
		<difficult>0</difficult>
		<bndbox>
			<xmin>289</xmin>
			<ymin>5</ymin>
			<xmax>334</xmax>
			<ymax>32</ymax>
		</bndbox>
	</object>
	<object>
		<name>Bercak Coklat</name>
		<pose>Unspecified</pose>
		<truncated>0</truncated>
		<difficult>0</difficult>
		<bndbox>
			<xmin>114</xmin>
			<ymin>52</ymin>
			<xmax>164</xmax>
			<ymax>78</ymax>
		</bndbox>
	</object>
	<object>
		<name>Bercak Coklat</name>
		<pose>Unspecified</pose>
		<truncated>0</truncated>
		<difficult>0</difficult>
		<bndbox>
			<xmin>338</xmin>
			<ymin>43</ymin>
			<xmax>443</xmax>
			<ymax>68</ymax>
		</bndbox>
	</object>
</annotation>
