<annotation>
	<folder>bc2</folder>
	<filename>IMG_20190420_195218.jpg</filename>
	<path>C:\Users\DEFINA\Documents\OD\bc2\IMG_20190420_195218.jpg</path>
	<source>
		<database>Unknown</database>
	</source>
	<size>
		<width>500</width>
		<height>500</height>
		<depth>3</depth>
	</size>
	<segmented>0</segmented>
	<object>
		<name>Bercak Coklat</name>
		<pose>Unspecified</pose>
		<truncated>0</truncated>
		<difficult>0</difficult>
		<bndbox>
			<xmin>180</xmin>
			<ymin>33</ymin>
			<xmax>209</xmax>
			<ymax>78</ymax>
		</bndbox>
	</object>
	<object>
		<name>Bercak Coklat</name>
		<pose>Unspecified</pose>
		<truncated>0</truncated>
		<difficult>0</difficult>
		<bndbox>
			<xmin>259</xmin>
			<ymin>217</ymin>
			<xmax>278</xmax>
			<ymax>244</ymax>
		</bndbox>
	</object>
	<object>
		<name>Bercak Coklat</name>
		<pose>Unspecified</pose>
		<truncated>0</truncated>
		<difficult>0</difficult>
		<bndbox>
			<xmin>278</xmin>
			<ymin>282</ymin>
			<xmax>302</xmax>
			<ymax>323</ymax>
		</bndbox>
	</object>
</annotation>
