<annotation>
	<folder>bc2</folder>
	<filename>IMG_20190421_195701.jpg</filename>
	<path>C:\Users\DEFINA\Documents\OD\bc2\IMG_20190421_195701.jpg</path>
	<source>
		<database>Unknown</database>
	</source>
	<size>
		<width>500</width>
		<height>500</height>
		<depth>3</depth>
	</size>
	<segmented>0</segmented>
	<object>
		<name>Bercak Coklat</name>
		<pose>Unspecified</pose>
		<truncated>0</truncated>
		<difficult>0</difficult>
		<bndbox>
			<xmin>199</xmin>
			<ymin>184</ymin>
			<xmax>227</xmax>
			<ymax>213</ymax>
		</bndbox>
	</object>
	<object>
		<name>Bercak Coklat</name>
		<pose>Unspecified</pose>
		<truncated>0</truncated>
		<difficult>0</difficult>
		<bndbox>
			<xmin>277</xmin>
			<ymin>262</ymin>
			<xmax>322</xmax>
			<ymax>301</ymax>
		</bndbox>
	</object>
</annotation>
