<annotation>
	<folder>bc2</folder>
	<filename>IMG_20190420_190243.jpg</filename>
	<path>C:\Users\DEFINA\Documents\OD\bc2\IMG_20190420_190243.jpg</path>
	<source>
		<database>Unknown</database>
	</source>
	<size>
		<width>500</width>
		<height>500</height>
		<depth>3</depth>
	</size>
	<segmented>0</segmented>
	<object>
		<name>Bercak Coklat</name>
		<pose>Unspecified</pose>
		<truncated>0</truncated>
		<difficult>0</difficult>
		<bndbox>
			<xmin>325</xmin>
			<ymin>170</ymin>
			<xmax>337</xmax>
			<ymax>186</ymax>
		</bndbox>
	</object>
	<object>
		<name>Bercak Coklat</name>
		<pose>Unspecified</pose>
		<truncated>0</truncated>
		<difficult>0</difficult>
		<bndbox>
			<xmin>351</xmin>
			<ymin>120</ymin>
			<xmax>364</xmax>
			<ymax>136</ymax>
		</bndbox>
	</object>
	<object>
		<name>Bercak Coklat</name>
		<pose>Unspecified</pose>
		<truncated>0</truncated>
		<difficult>0</difficult>
		<bndbox>
			<xmin>327</xmin>
			<ymin>130</ymin>
			<xmax>341</xmax>
			<ymax>146</ymax>
		</bndbox>
	</object>
	<object>
		<name>Bercak Coklat</name>
		<pose>Unspecified</pose>
		<truncated>0</truncated>
		<difficult>0</difficult>
		<bndbox>
			<xmin>395</xmin>
			<ymin>50</ymin>
			<xmax>406</xmax>
			<ymax>67</ymax>
		</bndbox>
	</object>
</annotation>
