<annotation>
	<folder>bc2</folder>
	<filename>IMG_20190421_195708.jpg</filename>
	<path>C:\Users\DEFINA\Documents\OD\bc2\IMG_20190421_195708.jpg</path>
	<source>
		<database>Unknown</database>
	</source>
	<size>
		<width>500</width>
		<height>500</height>
		<depth>3</depth>
	</size>
	<segmented>0</segmented>
	<object>
		<name>Bercak Coklat</name>
		<pose>Unspecified</pose>
		<truncated>0</truncated>
		<difficult>0</difficult>
		<bndbox>
			<xmin>170</xmin>
			<ymin>267</ymin>
			<xmax>197</xmax>
			<ymax>291</ymax>
		</bndbox>
	</object>
	<object>
		<name>Bercak Coklat</name>
		<pose>Unspecified</pose>
		<truncated>0</truncated>
		<difficult>0</difficult>
		<bndbox>
			<xmin>128</xmin>
			<ymin>241</ymin>
			<xmax>155</xmax>
			<ymax>265</ymax>
		</bndbox>
	</object>
	<object>
		<name>Bercak Coklat</name>
		<pose>Unspecified</pose>
		<truncated>0</truncated>
		<difficult>0</difficult>
		<bndbox>
			<xmin>240</xmin>
			<ymin>340</ymin>
			<xmax>268</xmax>
			<ymax>361</ymax>
		</bndbox>
	</object>
	<object>
		<name>Bercak Coklat</name>
		<pose>Unspecified</pose>
		<truncated>0</truncated>
		<difficult>0</difficult>
		<bndbox>
			<xmin>355</xmin>
			<ymin>422</ymin>
			<xmax>382</xmax>
			<ymax>451</ymax>
		</bndbox>
	</object>
</annotation>
