<annotation>
	<folder>Hispa</folder>
	<filename>IMG_20190419_144911.jpg</filename>
	<path>E:\UNJ\Kuliah\Semester 8\Bangkit 2021\2022\Assignment\Hispa\IMG_20190419_144911.jpg</path>
	<source>
		<database>Unknown</database>
	</source>
	<size>
		<width>500</width>
		<height>500</height>
		<depth>3</depth>
	</size>
	<segmented>0</segmented>
	<object>
		<name>Hawar Daun</name>
		<pose>Unspecified</pose>
		<truncated>0</truncated>
		<difficult>0</difficult>
		<bndbox>
			<xmin>216</xmin>
			<ymin>100</ymin>
			<xmax>233</xmax>
			<ymax>162</ymax>
		</bndbox>
	</object>
	<object>
		<name>Hawar Daun</name>
		<pose>Unspecified</pose>
		<truncated>0</truncated>
		<difficult>0</difficult>
		<bndbox>
			<xmin>247</xmin>
			<ymin>384</ymin>
			<xmax>256</xmax>
			<ymax>424</ymax>
		</bndbox>
	</object>
</annotation>
