<annotation>
	<folder>bc2</folder>
	<filename>IMG_20190420_195105.jpg</filename>
	<path>C:\Users\DEFINA\Documents\OD\bc2\IMG_20190420_195105.jpg</path>
	<source>
		<database>Unknown</database>
	</source>
	<size>
		<width>500</width>
		<height>500</height>
		<depth>3</depth>
	</size>
	<segmented>0</segmented>
	<object>
		<name>Bercak Coklat</name>
		<pose>Unspecified</pose>
		<truncated>0</truncated>
		<difficult>0</difficult>
		<bndbox>
			<xmin>199</xmin>
			<ymin>41</ymin>
			<xmax>213</xmax>
			<ymax>69</ymax>
		</bndbox>
	</object>
	<object>
		<name>Bercak Coklat</name>
		<pose>Unspecified</pose>
		<truncated>1</truncated>
		<difficult>0</difficult>
		<bndbox>
			<xmin>207</xmin>
			<ymin>1</ymin>
			<xmax>228</xmax>
			<ymax>14</ymax>
		</bndbox>
	</object>
	<object>
		<name>Bercak Coklat</name>
		<pose>Unspecified</pose>
		<truncated>0</truncated>
		<difficult>0</difficult>
		<bndbox>
			<xmin>335</xmin>
			<ymin>466</ymin>
			<xmax>357</xmax>
			<ymax>494</ymax>
		</bndbox>
	</object>
</annotation>
