<annotation>
	<folder>bc</folder>
	<filename>maxresdefault3.jpg</filename>
	<path>C:\Users\DEFINA\Documents\OD\bc\maxresdefault3.jpg</path>
	<source>
		<database>Unknown</database>
	</source>
	<size>
		<width>297</width>
		<height>719</height>
		<depth>3</depth>
	</size>
	<segmented>0</segmented>
	<object>
		<name>Bercak Coklat</name>
		<pose>Unspecified</pose>
		<truncated>0</truncated>
		<difficult>0</difficult>
		<bndbox>
			<xmin>193</xmin>
			<ymin>101</ymin>
			<xmax>245</xmax>
			<ymax>190</ymax>
		</bndbox>
	</object>
	<object>
		<name>Bercak Coklat</name>
		<pose>Unspecified</pose>
		<truncated>0</truncated>
		<difficult>0</difficult>
		<bndbox>
			<xmin>176</xmin>
			<ymin>368</ymin>
			<xmax>205</xmax>
			<ymax>435</ymax>
		</bndbox>
	</object>
</annotation>
