<annotation>
	<folder>bc</folder>
	<filename>maxresdefault1.jpg</filename>
	<path>C:\Users\DEFINA\Documents\OD\bc\maxresdefault1.jpg</path>
	<source>
		<database>Unknown</database>
	</source>
	<size>
		<width>296</width>
		<height>714</height>
		<depth>3</depth>
	</size>
	<segmented>0</segmented>
	<object>
		<name>Bercak Coklat</name>
		<pose>Unspecified</pose>
		<truncated>0</truncated>
		<difficult>0</difficult>
		<bndbox>
			<xmin>123</xmin>
			<ymin>404</ymin>
			<xmax>167</xmax>
			<ymax>540</ymax>
		</bndbox>
	</object>
	<object>
		<name>Bercak Coklat</name>
		<pose>Unspecified</pose>
		<truncated>0</truncated>
		<difficult>0</difficult>
		<bndbox>
			<xmin>41</xmin>
			<ymin>524</ymin>
			<xmax>89</xmax>
			<ymax>602</ymax>
		</bndbox>
	</object>
	<object>
		<name>Busuk Leher</name>
		<pose>Unspecified</pose>
		<truncated>0</truncated>
		<difficult>0</difficult>
		<bndbox>
			<xmin>144</xmin>
			<ymin>104</ymin>
			<xmax>188</xmax>
			<ymax>315</ymax>
		</bndbox>
	</object>
</annotation>
