<annotation>
	<folder>bc</folder>
	<filename>Ramularia-in-barley-2d1-14168-f-c-Blackthorn-Arable.jpg</filename>
	<path>C:\Users\DEFINA\Documents\OD\bc\Ramularia-in-barley-2d1-14168-f-c-Blackthorn-Arable.jpg</path>
	<source>
		<database>Unknown</database>
	</source>
	<size>
		<width>900</width>
		<height>507</height>
		<depth>3</depth>
	</size>
	<segmented>0</segmented>
	<object>
		<name>Bercak Coklat</name>
		<pose>Unspecified</pose>
		<truncated>0</truncated>
		<difficult>0</difficult>
		<bndbox>
			<xmin>125</xmin>
			<ymin>215</ymin>
			<xmax>261</xmax>
			<ymax>289</ymax>
		</bndbox>
	</object>
	<object>
		<name>Bercak Coklat</name>
		<pose>Unspecified</pose>
		<truncated>0</truncated>
		<difficult>0</difficult>
		<bndbox>
			<xmin>182</xmin>
			<ymin>85</ymin>
			<xmax>357</xmax>
			<ymax>142</ymax>
		</bndbox>
	</object>
	<object>
		<name>Bercak Coklat</name>
		<pose>Unspecified</pose>
		<truncated>0</truncated>
		<difficult>0</difficult>
		<bndbox>
			<xmin>335</xmin>
			<ymin>384</ymin>
			<xmax>431</xmax>
			<ymax>425</ymax>
		</bndbox>
	</object>
	<object>
		<name>Bercak Coklat</name>
		<pose>Unspecified</pose>
		<truncated>0</truncated>
		<difficult>0</difficult>
		<bndbox>
			<xmin>617</xmin>
			<ymin>394</ymin>
			<xmax>683</xmax>
			<ymax>444</ymax>
		</bndbox>
	</object>
	<object>
		<name>Bercak Coklat</name>
		<pose>Unspecified</pose>
		<truncated>0</truncated>
		<difficult>0</difficult>
		<bndbox>
			<xmin>702</xmin>
			<ymin>112</ymin>
			<xmax>852</xmax>
			<ymax>237</ymax>
		</bndbox>
	</object>
</annotation>
