<annotation>
	<folder>bc</folder>
	<filename>screenshot_2017-12-02-03-41-16_com-pakarpadi-johar-pakarpadi_1512161107159.jpg</filename>
	<path>C:\Users\DEFINA\Documents\OD\bc\screenshot_2017-12-02-03-41-16_com-pakarpadi-johar-pakarpadi_1512161107159.jpg</path>
	<source>
		<database>Unknown</database>
	</source>
	<size>
		<width>203</width>
		<height>408</height>
		<depth>3</depth>
	</size>
	<segmented>0</segmented>
	<object>
		<name>Bercak Coklat</name>
		<pose>Unspecified</pose>
		<truncated>0</truncated>
		<difficult>0</difficult>
		<bndbox>
			<xmin>85</xmin>
			<ymin>180</ymin>
			<xmax>119</xmax>
			<ymax>290</ymax>
		</bndbox>
	</object>
	<object>
		<name>Bercak Coklat</name>
		<pose>Unspecified</pose>
		<truncated>1</truncated>
		<difficult>0</difficult>
		<bndbox>
			<xmin>65</xmin>
			<ymin>295</ymin>
			<xmax>98</xmax>
			<ymax>408</ymax>
		</bndbox>
	</object>
</annotation>
