<annotation>
	<folder>bc</folder>
	<filename>screenshot_2017-12-02-03-41-16_com-pakarpadi-johar-pakarpadi_1512161107159(2).jpg</filename>
	<path>C:\Users\DEFINA\Documents\OD\bc\screenshot_2017-12-02-03-41-16_com-pakarpadi-johar-pakarpadi_1512161107159(2).jpg</path>
	<source>
		<database>Unknown</database>
	</source>
	<size>
		<width>277</width>
		<height>420</height>
		<depth>3</depth>
	</size>
	<segmented>0</segmented>
	<object>
		<name>Bercak Coklat</name>
		<pose>Unspecified</pose>
		<truncated>0</truncated>
		<difficult>0</difficult>
		<bndbox>
			<xmin>100</xmin>
			<ymin>196</ymin>
			<xmax>128</xmax>
			<ymax>281</ymax>
		</bndbox>
	</object>
</annotation>
