<annotation>
	<folder>bc</folder>
	<filename>Screenshot_59(3).png</filename>
	<path>C:\Users\DEFINA\Documents\OD\bc\Screenshot_59(3).png</path>
	<source>
		<database>Unknown</database>
	</source>
	<size>
		<width>65</width>
		<height>343</height>
		<depth>3</depth>
	</size>
	<segmented>0</segmented>
	<object>
		<name>Bercak Coklat</name>
		<pose>Unspecified</pose>
		<truncated>0</truncated>
		<difficult>0</difficult>
		<bndbox>
			<xmin>32</xmin>
			<ymin>151</ymin>
			<xmax>51</xmax>
			<ymax>188</ymax>
		</bndbox>
	</object>
	<object>
		<name>Bercak Coklat</name>
		<pose>Unspecified</pose>
		<truncated>0</truncated>
		<difficult>0</difficult>
		<bndbox>
			<xmin>40</xmin>
			<ymin>216</ymin>
			<xmax>54</xmax>
			<ymax>236</ymax>
		</bndbox>
	</object>
	<object>
		<name>Bercak Coklat</name>
		<pose>Unspecified</pose>
		<truncated>0</truncated>
		<difficult>0</difficult>
		<bndbox>
			<xmin>31</xmin>
			<ymin>194</ymin>
			<xmax>45</xmax>
			<ymax>214</ymax>
		</bndbox>
	</object>
	<object>
		<name>Bercak Coklat</name>
		<pose>Unspecified</pose>
		<truncated>0</truncated>
		<difficult>0</difficult>
		<bndbox>
			<xmin>32</xmin>
			<ymin>258</ymin>
			<xmax>58</xmax>
			<ymax>304</ymax>
		</bndbox>
	</object>
</annotation>
